POS,a,c,d,e,i,j,m,n,p,r,t,u,v,x,not found
,the,and,this,there,of,other,one,time,it,up,to,yes,be,not,nowadays
,a,that,that,,in,new,two,year,you,so,,oh,have,,persian
,his,but,what,,to,good,first,people,he,out,,yeah,do,,ceo
,their,or,all,,for,high,last,way,they,just,,no,say,,miner
,her,as,which,,with,old,three,day,we,now,,hey,go,,i
,my,if,some,,on,great,next,man,she,how,,hi,can,,november
,your,when,these,,at,big,million,thing,who,then,,hello,get,,tin
,its,than,more,,from,small,four,woman,them,more,,ah,would,,olympic
,our,because,many,,by,large,five,life,me,also,,wow,make,,tonne
,no,while,those,,about,national,second,child,him,here,,huh,know,,umbrella
,every,where,any,,as,young,six,world,one,well,,uh,will,,successor
,,so,another,,into,different,third,school,her,only,,ha,think,,fuck
,,though,much,,like,black,billion,state,us,very,,,take,,ton
,,after,own,,through,long,hundred,family,something,even,,,see,,conjunction
,,since,same,,after,little,thousand,student,nothing,back,,,come,,redundancy
,,until,such,,over,important,seven,group,anything,there,,,could,,succession
,,whether,few,,between,political,eight,country,himself,down,,,want,,asian
,,before,most,,out,bad,ten,problem,everything,still,,,look,,thanksgiving
,,although,each,,against,white,nine,hand,someone,in,,,use,,lad
,,even,both,,during,real,dozen,part,themselves,as,,,find,,pardon
,,nor,several,,without,best,fourth,place,everyone,too,,,give,,christmas
,,like,former,,before,right,twenty,case,itself,when,,,tell,,were
,,once,whose,,under,social,fifth,week,anyone,never,,,work,,taxation
,,unless,half,,around,only,thirty,company,myself,really,,,may,,jelly
,,long,less,,among,public,fifteen,system,other,most,,,should,,equilibrium
,,now,whatever,,such,sure,fifty,program,each,on,,,call,,prey
,,except,little,,within,low,twelve,question,herself,why,,,try,,pity
,,far,enough,,across,early,sixth,work,everybody,about,,,ask,,carer
,,for,either,,toward,able,forty,government,yourself,over,,,need,,probable
,,rather,latter,,off,human,seventh,number,somebody,again,,,feel,,muslim
,,soon,neither,,behind,local,eleven,night,whom,where,,,become,,humour
,,whereas,matter,,along,late,eighth,point,none,right,,,leave,,graphic
,,not,no,,up,hard,two-thirds,home,no,off,,,put,,clause
,,in,,,because,major,one-third,water,nobody,always,,,mean,,thirst
,,case,,,well,economic,twentieth,room,anybody,today,,,keep,,polish
,,till,,,per,strong,,mother,ourselves,all,,,let,,referendum
,,,,,upon,possible,,area,his,far,,,begin,,refusal
,,,,,near,whole,,money,plenty,long,,,seem,,ninety
,,,,,than,free,,story,mine,away,,,help,,recruitment
,,,,,away,military,,fact,another,often,,,talk,,tenant
,,,,,despite,TRUE,,month,yours,yet,,,turn,,restoration
,,,,,beyond,federal,,lot,hers,ever,,,start,,consultation
,,,,,outside,international,,right,ours,however,,,might,,competence
,,,,,since,full,,study,whoever,almost,,,show,,contradiction
,,,,,above,special,,book,,later,,,hear,,centre
,,,,,onto,easy,,eye,,much,,,play,,entertain
,,,,,inside,clear,,job,,once,,,run,,sixteen
,,,,,rather,recent,,word,,least,,,move,,african-american
,,,,,throughout,certain,,business,,ago,,,like,,specimen
,,,,,down,personal,,issue,,together,,,live,,parliament
,,,,,instead,open,,side,,around,,,believe,,railway
,,,,,front,red,,kind,,already,,,hold,,mile
,,,,,worth,difficult,,head,,enough,,,bring,,nineteen
,,,,,until,available,,house,,both,,,happen,,wednesday
,,,,,past,likely,,service,,maybe,,,must,,inch
,,,,,next,short,,friend,,actually,,,write,,din
,,,,,but,single,,father,,probably,,,provide,,parcel
,,,,,due,medical,,power,,home,,,sit,,petrol
,,,,,except,current,,hour,,course,,,stand,,mist
,,,,,below,wrong,,game,,perhaps,,,lose,,duration
,,,,,beneath,private,,line,,little,,,pay,,ferry
,,,,,beside,past,,end,,else,,,meet,,prince
,,,,,towards,foreign,,member,,sometimes,,,include,,dna
,,,,,addition,fine,,law,,finally,,,continue,,latin
,,,,,plus,common,,car,,less,,,set,,printer
,,,,,other,poor,,city,,early,,,learn,,classification
,,,,,unlike,natural,,community,,especially,,,change,,server
,,,,,via,significant,,name,,either,,,lead,,stamp
,,,,,ahead,similar,,president,,quite,,,understand,,leisure
,,,,,top,hot,,team,,simply,,,watch,,pavement
,,,,,prior,dead,,minute,,nearly,,,follow,,nursing
,,,,,versus,central,,idea,,soon,,,stop,,monopoly
,,,,,favor,happy,,kid,,certainly,,,create,,stain
,,,,,subject,serious,,body,,quickly,,,speak,,smoking
,,,,,response,ready,,information,,no,,,read,,justification
,,,,,amid,simple,,back,,recently,,,allow,,constituency
,,,,,besides,left,,parent,,before,,,add,,circulation
,,,,,spite,physical,,face,,usually,,,spend,,august
,,,,,alongside,general,,others,,thus,,,grow,,module
,,,,,regard,environmental,,level,,exactly,,,open,,auditor
,,,,,respect,financial,,office,,hard,,,walk,,bureaucracy
,,,,,charge,blue,,door,,particularly,,,win,,wool
,,,,,behalf,democratic,,health,,pretty,,,offer,,berry
,,,,,atop,dark,,person,,forward,,,remember,,modification
,,,,,part,various,,art,,ok,,,love,,assurance
,,,,,light,entire,,war,,clearly,,,consider,,scar
,,,,,apart,close,,history,,indeed,,,appear,,sergeant
,,,,,till,legal,,party,,rather,,,buy,,internet
,,,,,,religious,,result,,that,,,wait,,catering
,,,,,,cold,,change,,tonight,,,serve,,disgust
,,,,,,final,,morning,,close,,,die,,tribute
,,,,,,main,,reason,,suddenly,,,send,,workforce
,,,,,,green,,research,,best,,,expect,,worm
,,,,,,nice,,girl,,instead,,,build,,registration
,,,,,,huge,,guy,,ahead,,,stay,,indian
,,,,,,popular,,food,,fast,,,fall,,excite
,,,,,,traditional,,moment,,alone,,,cut,,mining
,,,,,,cultural,,air,,eventually,,,reach,,qualification
,,,,,,wide,,teacher,,directly,,,kill,,mum
,,,,,,particular,,force,,immediately,,,remain,,insure
,,,,,,top,,education,,absolutely,,,suggest,,parameter
,,,,,,far,,foot,,therefore,,,raise,,cuban
,,,,,,deep,,boy,,please,,,sell,,packet
,,,,,,individual,,age,,completely,,,require,,israeli
,,,,,,specific,,policy,,by,,,report,,resignation
,,,,,,necessary,,process,,along,,,decide,,subsequently
,,,,,,middle,,music,,generally,,,pull,,flavour
,,,,,,beautiful,,market,,easily,,,return,,lease
,,,,,,heavy,,sense,,through,,,explain,,specie
,,,,,,sexual,,nation,,slowly,,,hope,,breakdown
,,,,,,tough,,plan,,bit,,,develop,,capitalism
,,,,,,commercial,,college,,obviously,,,carry,,linen
,,,,,,total,,interest,,inside,,,drive,,scissors
,,,,,,modern,,death,,highly,,,break,,undertaking
,,,,,,positive,,experience,,mostly,,,thank,,seventy
,,,,,,civil,,effect,,tomorrow,,,receive,,olympics
,,,,,,safe,,use,,anyway,,,join,,relevance
,,,,,,rich,,class,,apparently,,,agree,,erm
,,,,,,western,,control,,slightly,,,pick,,cent
,,,,,,senior,,care,,twice,,,wear,,mexican
,,,,,,key,,field,,kind,,,support,,brass
,,,,,,professional,,development,,below,,,end,,amusement
,,,,,,successful,,role,,relatively,,,hit,,islam
,,,,,,southern,,effort,,fully,,,base,,korean
,,,,,,fresh,,rate,,yesterday,,,produce,,remainder
,,,,,,global,,heart,,otherwise,,,eat,,amaze
,,,,,,critical,,drug,,increasingly,,,teach,,monitoring
,,,,,,concerned,,show,,somewhere,,,face,,disturbance
,,,,,,effective,,leader,,above,,,cover,,advertisement
,,,,,,original,,light,,carefully,,,describe,,trophy
,,,,,,basic,,voice,,straight,,,catch,,poison
,,,,,,powerful,,wife,,okay,,,draw,,fortunate
,,,,,,perfect,,police,,somehow,,,choose,,clothe
,,,,,,nuclear,,mind,,under,,,cause,,physic
,,,,,,very,,price,,largely,,,point,,greek
,,,,,,sorry,,report,,basically,,,listen,,was
,,,,,,normal,,decision,,anymore,,,realize,,grey
,,,,,,front,,son,,possibly,,,place,,wax
,,,,,,future,,view,,currently,,,close,,african
,,,,,,potential,,relationship,,deep,,,involve,,metre
,,,,,,independent,,town,,truly,,,increase,,probability
,,,,,,willing,,road,,outside,,,seek,,irish
,,,,,,previous,,arm,,hardly,,,deal,,wed
,,,,,,interested,,difference,,extremely,,,fight,,licence
,,,,,,wild,,value,,ultimately,,,throw,,keen
,,,,,,average,,building,,neither,,,fill,,embarrass
,,,,,,quick,,action,,late,,,represent,,raid
,,,,,,light,,model,,significantly,,,focus,,parallel
,,,,,,bright,,season,,frequently,,,drop,,breach
,,,,,,tiny,,society,,part,,,plan,,terminal
,,,,,,additional,,tax,,forth,,,push,,plough
,,,,,,present,,director,,meanwhile,,,reduce,,neglect
,,,,,,warm,,position,,entirely,,,note,,vein
,,,,,,annual,,player,,aside,,,enter,,hierarchy
,,,,,,responsible,,record,,anywhere,,,share,,proceeding
,,,,,,regular,,paper,,somewhat,,,rise,,am
,,,,,,soft,,space,,seriously,,,shoot,,an
,,,,,,female,,ground,,totally,,,save,,expenditure
,,,,,,afraid,,form,,everywhere,,,protect,,thunder
,,,,,,native,,event,,necessarily,,,lie,,japanese
,,,,,,broad,,official,,specifically,,,occur,,heating
,,,,,,wonderful,,matter,,apart,,,accept,,fourteen
,,,,,,quiet,,center,,barely,,,identify,,venue
,,,,,,aware,,couple,,merely,,,determine,,clash
,,,,,,complete,,site,,definitely,,,prepare,,spanish
,,,,,,active,,project,,typically,,,argue,,specification
,,,,,,chief,,activity,,unfortunately,,,recognize,,congress
,,,,,,cool,,star,,closely,,,indicate,,canadian
,,,,,,dangerous,,table,,virtually,,,wonder,,french
,,,,,,moral,,need,,first,,,lay,,verb
,,,,,,academic,,court,,behind,,,fail,,is
,,,,,,healthy,,oil,,forever,,,arrive,,supplement
,,,,,,negative,,situation,,deeply,,,name,,alteration
,,,,,,historical,,cost,,primarily,,,present,,disposal
,,,,,,direct,,industry,,fairly,,,answer,,delegate
,,,,,,daily,,figure,,widely,,,compare,,fowl
,,,,,,fair,,street,,rarely,,,miss,,orchestra
,,,,,,famous,,image,,elsewhere,,,act,,porter
,,,,,,familiar,,phone,,moreover,,,state,,mp
,,,,,,appropriate,,data,,essentially,,,force,,mr
,,,,,,eastern,,picture,,sure,,,check,,dismissal
,,,,,,primary,,practice,,previously,,,laugh,,magistrate
,,,,,,clean,,piece,,whenever,,,guess,,datum
,,,,,,tall,,land,,heavily,,,study,,hammer
,,,,,,male,,product,,approximately,,,prove,,dialog
,,,,,,alive,,doctor,,equally,,,hang,,trouser
,,,,,,extra,,wall,,strongly,,,design,,proposition
,,,,,,domestic,,patient,,surely,,,forget,,devastate
,,,,,,northern,,worker,,perfectly,,,claim,,whilst
,,,,,,dry,,news,,literally,,,remove,,pc
,,,,,,sweet,,test,,occasionally,,,sound,,luxury
,,,,,,corporate,,movie,,constantly,,,enjoy,,pm
,,,,,,strange,,north,,rapidly,,,form,,suspension
,,,,,,urban,,love,,particular,,,establish,,allowance
,,,,,,mental,,support,,quietly,,,visit,,email
,,,,,,educational,,technology,,general,,,care,,elastic
,,,,,,favorite,,step,,effectively,,,avoid,,tv
,,,,,,complex,,baby,,precisely,,,imagine,,ruler
,,,,,,scientific,,computer,,nevertheless,,,finish,,purchaser
,,,,,,impossible,,type,,normally,,,respond,,reasonably
,,,,,,married,,attention,,personally,,,maintain,,extract
,,,,,,alone,,film,,roughly,,,reveal,,knot
,,,,,,presidential,,tree,,like,,,contain,,directive
,,,,,,emotional,,source,,ie,,,head,,april
,,,,,,thin,,organization,,initially,,,control,,pupil
,,,,,,empty,,hair,,though,,,apply,,comb
,,,,,,regional,,look,,gently,,,shake,,coffin
,,,,,,expensive,,century,,likely,,,fly,,owl
,,,,,,yellow,,evidence,,similarly,,,manage,,harbor
,,,,,,prime,,window,,newly,,,perform,,cork
,,,,,,like,,culture,,naturally,,,discover,,quadrillion
,,,,,,obvious,,chance,,mainly,,,treat,,feeble
,,,,,,comfortable,,brother,,regularly,,,affect,,prose
,,,,,,angry,,energy,,partly,,,worry,,tuesday
,,,,,,thick,,period,,potentially,,,mention,,german
,,,,,,unique,,course,,politically,,,improve,,kettle
,,,,,,internal,,summer,,shortly,,,sign,,noun
,,,,,,ethnic,,plant,,originally,,,reflect,,arab
,,,,,,actual,,opportunity,,properly,,,sing,,harbour
,,,,,,sick,,term,,regardless,,,exist,,carriage
,,,,,,long-term,,letter,,easy,,,address,,defence
,,,,,,slow,,condition,,nowhere,,,test,,tribunal
,,,,,,brown,,choice,,gradually,,,step,,soviet
,,,,,,standard,,rule,,since,,,beat,,illustration
,,,,,,funny,,daughter,,briefly,,,tend,,arch
,,,,,,correct,,administration,,besides,,,notice,,god
,,,,,,crazy,,south,,publicly,,,wish,,compute
,,,,,,just,,husband,,etc,,,smile,,pas
,,,,,,ancient,,floor,,badly,,,figure,,european
,,,,,,golden,,campaign,,across,,,relate,,revise
,,,,,,equal,,material,,differently,,,travel,,t-shirt
,,,,,,official,,population,,successfully,,,prevent,,american
,,,,,,typical,,call,,furthermore,,,born,,palestinian
,,,,,,conservative,,economy,,physically,,,admit,,thesis
,,,,,,smart,,hospital,,repeatedly,,,assume,,alright
,,,,,,rare,,church,,nonetheless,,,suffer,,monday
,,,,,,separate,,risk,,high,,,publish,,reign
,,,,,,mean,,fire,,abroad,,,cost,,co-operation
,,,,,,industrial,,future,,dramatically,,,release,,basin
,,,,,,surprised,,defense,,surprisingly,,,own,,tutor
,,,,,,busy,,security,,lightly,,,recall,,ethic
,,,,,,cheap,,bank,,tight,,,stare,,october
,,,,,,gray,,west,,greatly,,,hurt,,unclear
,,,,,,overall,,sport,,online,,,strike,,friday
,,,,,,initial,,board,,daily,,,achieve,,countryside
,,,,,,terrible,,subject,,seemingly,,,refer,,accord
,,,,,,contemporary,,officer,,frankly,,,conduct,,italian
,,,,,,multiple,,rest,,consistently,,,announce,,apparatus
,,,,,,essential,,behavior,,last,,,examine,,bible
,,,,,,criminal,,performance,,past,,,touch,,forecast
,,,,,,careful,,top,,hence,,,attend,,creditor
,,,,,,upper,,goal,,simultaneously,,,vote,,ward
,,,,,,vast,,second,,traditionally,,,sleep,,hispanic
,,,,,,limited,,bed,,wherever,,,experience,,digestion
,,,,,,proud,,order,,nearby,,,replace,,canal
,,,,,,enormous,,author,,respectively,,,encourage,,trillion
,,,,,,liberal,,blood,,short,,,complete,,correspondence
,,,,,,massive,,agency,,commonly,,,stick,,theft
,,,,,,rural,,nature,,altogether,,,define,,declaration
,,,,,,narrow,,color,,historically,,,introduce,,diagram
,,,,,,solid,,store,,firmly,,,drink,,pensioner
,,,,,,useful,,sound,,loud,,,handle,,solicitor
,,,,,,secret,,movement,,wrong,,,refuse,,chalk
,,,,,,unusual,,page,,thereby,,,roll,,receipt
,,,,,,sharp,,race,,overall,,,gain,,jewish
,,,,,,creative,,concern,,practically,,,hide,,colour
,,,,,,outside,,series,,sharply,,,express,,pub
,,,,,,gay,,language,,automatically,,,ride,,offence
,,,,,,proper,,response,,hopefully,,,deliver,,russian
,,,,,,live,,animal,,readily,,,observe,,supreme
,,,,,,guilty,,factor,,annually,,,emerge,,ambulance
,,,,,,living,,decade,,lately,,,earn,,worship
,,,,,,technical,,article,,softly,,,operate,,lazy
,,,,,,weak,,east,,sexually,,,contribute,,ornament
,,,,,,illegal,,artist,,way,,,settle,,smash
,,,,,,fun,,scene,,o'clock,,,feed,,january
,,,,,,spiritual,,stock,,officially,,,collect,,chat
,,,,,,musical,,career,,tightly,,,promote,,chap
,,,,,,dramatic,,treatment,,thoroughly,,,count,,summarize
,,,,,,excellent,,approach,,instantly,,,marry,,incidence
,,,,,,lucky,,size,,afterward,,,order,,eighty
,,,,,,unable,,dog,,safely,,,survive,,lounge
,,,,,,sad,,fund,,incredibly,,,lift,,fibre
,,,,,,brief,,sign,,near,,,jump,,percent
,,,,,,visual,,thought,,presumably,,,gather,,thirteen
,,,,,,violent,,list,,actively,,,limit,,september
,,,,,,silent,,individual,,fortunately,,,fit,,attachment
,,,,,,later,,quality,,consequently,,,cry,,frighten
,,,,,,immediate,,pressure,,correctly,,,associate,,been
,,,,,,mass,,answer,,mentally,,,result,,july
,,,,,,double,,resource,,partially,,,insist,,chapel
,,,,,,formal,,meeting,,upstairs,,,approach,,subsidiary
,,,,,,joint,,disease,,alike,,,spread,,quintillion
,,,,,,opposite,,success,,reportedly,,,ignore,,thursday
,,,,,,consistent,,cup,,desperately,,,measure,,june
,,,,,,grand,,amount,,someday,,,demonstrate,,accountant
,,,,,,racial,,ability,,worldwide,,,engage,,chinese
,,,,,,online,,staff,,exclusively,,,cross,,reckon
,,,,,,glad,,character,,openly,,,threaten,,landlord
,,,,,,ordinary,,growth,,likewise,,,commit,,darling
,,,,,,numerous,,loss,,strictly,,,deny,,encouragement
,,,,,,practical,,degree,,supposedly,,,blow,,machinery
,,,,,,intense,,attack,,legally,,,destroy,,bent
,,,,,,visible,,region,,socially,,,cook,,allege
,,,,,,competitive,,television,,halfway,,,charge,,favourite
,,,,,,congressional,,box,,deliberately,,,burn,,trustee
,,,,,,fundamental,,training,,this,,,view,,british
,,,,,,severe,,trade,,considerably,,,dress,,iraqi
,,,,,,fat,,deal,,inevitably,,,promise,,cough
,,,,,,still,,election,,emotionally,,,extend,,certificate
,,,,,,digital,,standard,,allegedly,,,combine,,underlie
,,,,,,usual,,bill,,any,,,demand,,complicate
,,,,,,psychological,,message,,solely,,,remind,,accommodation
,,,,,,holy,,analysis,,formerly,,,fire,,taxi
,,,,,,so-called,,benefit,,downtown,,,depend,,saturday
,,,,,,constant,,sex,,happily,,,grab,,jewel
,,,,,,capable,,lawyer,,privately,,,participate,,christian
,,,,,,nervous,,section,,routinely,,,hire,,excess
,,,,,,crucial,,glass,,overnight,,,tie,,honour
,,,,,,electronic,,skill,,freely,,,train,,accordance
,,,,,,pure,,sister,,steadily,,,lean,,junction
,,,,,,fellow,,professor,,ironically,,,hate,,jean
,,,,,,smooth,,operation,,beyond,,,press,,polouse
,,,,,,nearby,,crime,,low,,,intend,,sneeze
,,,,,,inner,,stage,,substantially,,,attack,,certainty
,,,,,,junior,,authority,,within,,,shut,,grammar
,,,,,,due,,design,,severely,,,welcome,,politic
,,,,,,straight,,sort,,importantly,,,nod,,nursery
,,,,,,pretty,,one,,terribly,,,paint,,distress
,,,,,,permanent,,knowledge,,sudden,,,direct,,substitute
,,,,,,wet,,gun,,seldom,,,climb,,roman
,,,,,,pink,,station,,economically,,,expand,,workstation
,,,,,,historic,,strategy,,honestly,,,disappear,,spade
,,,,,,apparent,,truth,,accurately,,,explore,,manufacture
,,,,,,sensitive,,song,,public,,,obtain,,ink
,,,,,,reasonable,,example,,sometime,,,surround,,trader
,,,,,,wooden,,environment,,nationwide,,,invite,,dutch
,,,,,,elementary,,leg,,,,,repeat,,ran
,,,,,,aggressive,,public,,,,,predict,,ashamed
,,,,,,FALSE,,executive,,,,,bear,,ray
,,,,,,extreme,,set,,,,,adopt,,criterion
,,,,,,honest,,rock,,,,,attempt,,dollar
,,,,,,giant,,note,,,,,connect,,remedy
,,,,,,substantial,,manager,,,,,belong,,united
,,,,,,conventional,,help,,,,,organize,,paste
,,,,,,fast,,network,,,,,acknowledge,,directory
,,,,,,biological,,science,,,,,record,,striker
,,,,,,flat,,memory,,,,,fear,,councillor
,,,,,,mad,,card,,,,,struggle,,islamic
,,,,,,alternative,,seat,,,,,conclude,,defect
,,,,,,clinical,,cell,,,,,last,,whistle
,,,,,,ultimate,,trial,,,,,shift,,catholic
,,,,,,valuable,,expert,,,,,mark,,exclusion
,,,,,,minor,,spring,,,,,locate,,firstly
,,,,,,classic,,firm,,,,,recommend,,terrace
,,,,,,extraordinary,,radio,,,,,generate,,atom
,,,,,,rough,,management,,,,,propose,,correspond
,,,,,,pregnant,,ball,,,,,capture,,closure
,,,,,,distant,,talk,,,,,prefer,,rumour
,,,,,,universal,,theory,,,,,search,,criterium
,,,,,,super,,impact,,,,,feature,,favour
,,,,,,bottom,,statement,,,,,link,,disappoint
,,,,,,unlikely,,charge,,,,,select,,ant
,,,,,,constitutional,,direction,,,,,declare,,acre
,,,,,,broken,,weapon,,,,,appreciate,,concession
,,,,,,electric,,employee,,,,,launch,,english
,,,,,,literary,,peace,,,,,defend,,predecessor
,,,,,,stupid,,base,,,,,matter,,fertile
,,,,,,strategic,,pain,,,,,judge,,discus
,,,,,,remarkable,,play,,,,,ought,,are
,,,,,,blind,,measure,,,,,ensure,,dividend
,,,,,,genetic,,interview,,,,,mix,,stitch
,,,,,,chemical,,chair,,,,,wake,,vice
,,,,,,accurate,,fish,,,,,challenge,,bowel
,,,,,,odd,,camera,,,,,warn,,holder
,,,,,,tight,,structure,,,,,steal,,castle
,,,,,,solar,,politics,,,,,pursue,,organisation
,,,,,,square,,bit,,,,,slip,,ate
,,,,,,friendly,,weight,,,,,influence,,jew
,,,,,,tremendous,,candidate,,,,,blame,,statistic
,,,,,,innocent,,production,,,,,estimate,,catalogue
,,,,,,remote,,trip,,,,,investigate,,senate
,,,,,,raw,,conference,,,,,kick,,situate
,,,,,,surprising,,unit,,,,,solve,,penny
,,,,,,mutual,,style,,,,,eliminate,,fancy
,,,,,,advanced,,adult,,,,,trust,,eighteen
,,,,,,attractive,,range,,,,,score,,hollow
,,,,,,diverse,,past,,,,,afford,,sunday
,,,,,,relevant,,edge,,,,,confirm,,sticky
,,,,,,ideal,,writer,,,,,fix,,labour
,,,,,,unknown,,trouble,,,,,rely,,cushion
,,,,,,assistant,,challenge,,,,,complain,,bore
,,,,,,extensive,,fear,,,,,issue,,mature
,,,,,,loose,,shoulder,,,,,back,,affection
,,,,,,considerable,,institution,,,,,range,,saw
,,,,,,intellectual,,sea,,,,,attract,,fascinate
,,,,,,external,,dream,,,,,file,,cinema
,,,,,,confident,,bar,,,,,clear,,enquiry
,,,,,,sudden,,property,,,,,pour,,sponge
,,,,,,dirty,,stuff,,,,,stir,,completion
,,,,,,defensive,,detail,,,,,clean,,sixty
,,,,,,comprehensive,,method,,,,,grant,,applicant
,,,,,,prominent,,magazine,,,,,account,,petition
,,,,,,stable,,hotel,,,,,stretch,,discharge
,,,,,,elderly,,soldier,,,,,rest,,disadvantage
,,,,,,steady,,cause,,,,,separate,,depress
,,,,,,vital,,bag,,,,,aim,,supervision
,,,,,,mere,,heat,,,,,cite,,breed
,,,,,,radical,,fall,,,,,divide,,cheque
,,,,,,pale,,marriage,,,,,oppose,,merger
,,,,,,round,,surface,,,,,question,,fulfill
,,,,,,ill,,purpose,,,,,rush,,bin
,,,,,,vulnerable,,pattern,,,,,employ,,crown
,,,,,,ongoing,,skin,,,,,dance,,faithfully
,,,,,,athletic,,agent,,,,,match,,foolish
,,,,,,slight,,owner,,,,,lack,,secondly
,,,,,,efficient,,machine,,,,,emphasize,,paragraph
,,,,,,closer,,gas,,,,,decline,,judgement
,,,,,,wealthy,,generation,,,,,invest,,downstair
,,,,,,incredible,,cancer,,,,,expose,,neighbour
,,,,,,rapid,,item,,,,,succeed,,prejudice
,,,,,,painful,,reality,,,,,celebrate,,december
,,,,,,helpful,,coach,,,,,accuse,,programme
,,,,,,organic,,yard,,,,,hand,,cupboard
,,,,,,sophisticated,,violence,,,,,land,,champagne
,,,,,,asleep,,investment,,,,,reject,,discretion
,,,,,,controversial,,discussion,,,,,escape,,bos
,,,,,,desperate,,finger,,,,,cast,,hostility
,,,,,,loud,,garden,,,,,convince,,posse
,,,,,,sufficient,,collection,,,,,approve,,geography
,,,,,,modest,,task,,,,,acquire,,publishing
,,,,,,agricultural,,partner,,,,,compete,,autumn
,,,,,,curious,,kitchen,,,,,mind,,democrat
,,,,,,downtown,,consumer,,,,,list,,audit
,,,,,,eager,,shot,,,,,regard,,copper
,,,,,,detailed,,budget,,,,,knock,,cricket
,,,,,,romantic,,painting,,,,,review,,turnover
,,,,,,orange,,scientist,,,,,wrap,,allocation
,,,,,,temporary,,agreement,,,,,display,,socialism
,,,,,,relative,,capital,,,,,suspect,,leaflet
,,,,,,brilliant,,mouth,,,,,permit,,advertise
,,,,,,absolute,,victim,,,,,scream,,christianity
,,,,,,offensive,,newspaper,,,,,drag,,traveller
,,,,,,terrorist,,threat,,,,,recover,,antibody
,,,,,,dominant,,responsibility,,,,,arrest,,seventeen
,,,,,,hungry,,attorney,,,,,wash,,overseas
,,,,,,naked,,score,,,,,purchase,,inhabitant
,,,,,,legitimate,,account,,,,,shout,,behaviour
,,,,,,dependent,,break,,,,,suppose,,submission
,,,,,,institutional,,audience,,,,,perceive,,verse
,,,,,,civilian,,dinner,,,,,slow,,sociology
,,,,,,weekly,,vote,,,,,slide,,february
,,,,,,wise,,debate,,,,,inform,,lorry
,,,,,,firm,,citizen,,,,,abandon,,delegation
,,,,,,distinct,,majority,,,,,transform,,
,,,,,,artistic,,wind,,,,,bother,,
,,,,,,impressive,,mission,,,,,consist,,
,,,,,,ugly,,customer,,,,,enable,,
,,,,,,worried,,speech,,,,,bend,,
,,,,,,moderate,,option,,,,,shall,,
,,,,,,subsequent,,participant,,,,,rule,,
,,,,,,continued,,forest,,,,,preserve,,
,,,,,,frequent,,video,,,,,arrange,,
,,,,,,awful,,reform,,,,,reply,,
,,,,,,widespread,,access,,,,,lock,,
,,,,,,lovely,,restaurant,,,,,deserve,,
,,,,,,everyday,,judge,,,,,tear,,
,,,,,,adequate,,relation,,,,,pose,,
,,,,,,principal,,bird,,,,,benefit,,
,,,,,,concrete,,opinion,,,,,resolve,,
,,,,,,colonial,,credit,,,,,contact,,
,,,,,,dear,,corner,,,,,interview,,
,,,,,,sacred,,version,,,,,quote,,
,,,,,,cognitive,,safety,,,,,urge,,
,,,,,,collective,,neighborhood,,,,,breathe,,
,,,,,,exact,,act,,,,,elect,,
,,,,,,okay,,troop,,,,,pack,,
,,,,,,homeless,,income,,,,,implement,,
,,,,,,gentle,,track,,,,,inspire,,
,,,,,,related,,hope,,,,,adjust,,
,,,,,,fit,,sky,,,,,retire,,
,,,,,,magic,,freedom,,,,,kiss,,
,,,,,,superior,,plane,,,,,dominate,,
,,,,,,acceptable,,object,,,,,transfer,,
,,,,,,continuous,,attitude,,,,,analyze,,
,,,,,,bitter,,labor,,,,,attach,,
,,,,,,bare,,concept,,,,,coach,,
,,,,,,subtle,,client,,,,,exercise,,
,,,,,,pleased,,conversation,,,,,enhance,,
,,,,,,ethical,,variety,,,,,impose,,
,,,,,,secondary,,turn,,,,,evaluate,,
,,,,,,experimental,,investigation,,,,,trade,,
,,,,,,net,,researcher,,,,,accomplish,,
,,,,,,evident,,press,,,,,illustrate,,
,,,,,,harsh,,conflict,,,,,monitor,,
,,,,,,suburban,,spirit,,,,,concentrate,,
,,,,,,retail,,argument,,,,,vary,,
,,,,,,classical,,camp,,,,,ring,,
,,,,,,patient,,brain,,,,,race,,
,,,,,,reliable,,feature,,,,,smell,,
,,,,,,occasional,,afternoon,,,,,light,,
,,,,,,administrative,,weekend,,,,,toss,,
,,,,,,deadly,,possibility,,,,,bury,,
,,,,,,monthly,,insurance,,,,,pray,,
,,,,,,mainstream,,department,,,,,block,,
,,,,,,unlike,,battle,,,,,confront,,
,,,,,,longtime,,date,,,,,glance,,
,,,,,,legislative,,crisis,,,,,shape,,
,,,,,,plain,,fan,,,,,accompany,,
,,,,,,strict,,hole,,,,,whisper,,
,,,,,,inevitable,,element,,,,,swing,,
,,,,,,unexpected,,vision,,,,,dig,,
,,,,,,maximum,,status,,,,,plant,,
,,,,,,medium,,ship,,,,,resist,,
,,,,,,outdoor,,solution,,,,,embrace,,
,,,,,,random,,stone,,,,,supply,,
,,,,,,minimum,,scale,,,,,assist,,
,,,,,,fiscal,,university,,,,,construct,,
,,,,,,uncomfortable,,driver,,,,,line,,
,,,,,,welcome,,attempt,,,,,date,,
,,,,,,chronic,,park,,,,,secure,,
,,,,,,peaceful,,spot,,,,,smoke,,
,,,,,,grateful,,lack,,,,,bind,,
,,,,,,virtual,,ice,,,,,favor,,
,,,,,,indigenous,,boat,,,,,weigh,,
,,,,,,weird,,sun,,,,,install,,
,,,,,,outer,,distance,,,,,quit,,
,,,,,,drunk,,wood,,,,,comment,,
,,,,,,intelligent,,truck,,,,,negotiate,,
,,,,,,endless,,return,,,,,restore,,
,,,,,,mechanical,,mountain,,,,,pop,,
,,,,,,profound,,survey,,,,,advise,,
,,,,,,genuine,,tradition,,,,,criticize,,
,,,,,,horrible,,winter,,,,,assure,,
,,,,,,behavioral,,village,,,,,arise,,
,,,,,,exclusive,,communication,,,,,schedule,,
,,,,,,meaningful,,run,,,,,dream,,
,,,,,,technological,,screen,,,,,snap,,
,,,,,,pleasant,,resident,,,,,incorporate,,
,,,,,,frozen,,gold,,,,,switch,,
,,,,,,theoretical,,club,,,,,graduate,,
,,,,,,delicate,,farm,,,,,assign,,
,,,,,,electrical,,increase,,,,,wave,,
,,,,,,invisible,,middle,,,,,yell,,
,,,,,,mild,,presence,,,,,sweep,,
,,,,,,identical,,district,,,,,spin,,
,,,,,,precise,,shape,,,,,house,,
,,,,,,anxious,,reader,,,,,yield,,
,,,,,,structural,,contract,,,,,wind,,
,,,,,,residential,,crowd,,,,,found,,
,,,,,,nonprofit,,apartment,,,,,react,,
,,,,,,handsome,,strength,,,,,communicate,,
,,,,,,promising,,band,,,,,taste,,
,,,,,,conscious,,horse,,,,,disagree,,
,,,,,,evil,,target,,,,,advance,,
,,,,,,teenage,,prison,,,,,proceed,,
,,,,,,decent,,guard,,,,,track,,
,,,,,,oral,,demand,,,,,bet,,
,,,,,,generous,,reporter,,,,,overcome,,
,,,,,,purple,,text,,,,,occupy,,
,,,,,,bold,,share,,,,,encounter,,
,,,,,,reluctant,,tool,,,,,wipe,,
,,,,,,judicial,,vehicle,,,,,honor,,
,,,,,,full-time,,flight,,,,,retain,,
,,,,,,regulatory,,facility,,,,,translate,,
,,,,,,diplomatic,,advantage,,,,,process,,
,,,,,,elegant,,leadership,,,,,interpret,,
,,,,,,interior,,pound,,,,,detect,,
,,,,,,casual,,basis,,,,,balance,,
,,,,,,productive,,guest,,,,,flow,,
,,,,,,civic,,sample,,,,,market,,
,,,,,,steep,,block,,,,,guarantee,,
,,,,,,dynamic,,protection,,,,,pause,,
,,,,,,scary,,while,,,,,withdraw,,
,,,,,,disappointed,,identity,,,,,testify,,
,,,,,,precious,,title,,,,,imply,,
,,,,,,representative,,lesson,,,,,dismiss,,
,,,,,,content,,faith,,,,,bake,,
,,,,,,realistic,,river,,,,,freeze,,
,,,,,,hidden,,living,,,,,sink,,
,,,,,,tender,,technique,,,,,respect,,
,,,,,,outstanding,,path,,,,,evolve,,
,,,,,,lonely,,ear,,,,,justify,,
,,,,,,artificial,,shop,,,,,tap,,
,,,,,,abstract,,folk,,,,,double,,
,,,,,,silly,,principle,,,,,swim,,
,,,,,,revolutionary,,border,,,,,tire,,
,,,,,,rear,,competition,,,,,free,,
,,,,,,coastal,,claim,,,,,relax,,
,,,,,,burning,,equipment,,,,,rub,,
,,,,,,verbal,,critic,,,,,practice,,
,,,,,,tribal,,aspect,,,,,fade,,
,,,,,,ridiculous,,failure,,,,,characterize,,
,,,,,,automatic,,comment,,,,,alter,,
,,,,,,divine,,affair,,,,,spot,,
,,,,,,talented,,procedure,,,,,constitute,,
,,,,,,stiff,,chairman,,,,,squeeze,,
,,,,,,toxic,,baseball,,,,,target,,
,,,,,,mysterious,,egg,,,,,convert,,
,,,,,,parental,,belief,,,,,load,,
,,,,,,protective,,murder,,,,,appeal,,
,,,,,,faint,,gift,,,,,pretend,,
,,,,,,shallow,,religion,,,,,split,,
,,,,,,bloody,,review,,,,,violate,,
,,,,,,near,,editor,,,,,stress,,
,,,,,,optimistic,,coffee,,,,,adapt,,
,,,,,,symbolic,,document,,,,,flee,,
,,,,,,hostile,,speed,,,,,distribute,,
,,,,,,mixed,,influence,,,,,doubt,,
,,,,,,tropical,,youth,,,,,guide,,
,,,,,,spectacular,,wave,,,,,witness,,
,,,,,,sheer,,move,,,,,owe,,
,,,,,,prior,,quarter,,,,,sustain,,
,,,,,,immune,,background,,,,,mount,,
,,,,,,exotic,,reaction,,,,,differ,,
,,,,,,secure,,suit,,,,,store,,
,,,,,,ideological,,perspective,,,,,damage,,
,,,,,,secular,,construction,,,,,satisfy,,
,,,,,,intimate,,intelligence,,,,,consume,,
,,,,,,neutral,,connection,,,,,fund,,
,,,,,,flexible,,shoe,,,,,trace,,
,,,,,,progressive,,grade,,,,,educate,,
,,,,,,terrific,,context,,,,,calculate,,
,,,,,,functional,,committee,,,,,rid,,
,,,,,,cooperative,,mistake,,,,,waste,,
,,,,,,tragic,,focus,,,,,qualify,,
,,,,,,sexy,,smile,,,,,derive,,
,,,,,,costly,,location,,,,,impress,,
,,,,,,ambitious,,clothes,,,,,resemble,,
,,,,,,influential,,neighbor,,,,,surprise,,
,,,,,,uncertain,,drive,,,,,strengthen,,
,,,,,,statistical,,function,,,,,rate,,
,,,,,,metropolitan,,bone,,,,,explode,,
,,,,,,aesthetic,,average,,,,,prompt,,
,,,,,,royal,,wine,,,,,request,,
,,,,,,minimal,,voter,,,,,absorb,,
,,,,,,anonymous,,mean,,,,,sue,,
,,,,,,instructional,,bus,,,,,overlook,,
,,,,,,experienced,,hell,,,,,float,,
,,,,,,upset,,category,,,,,undergo,,
,,,,,,cute,,victory,,,,,assert,,
,,,,,,short-term,,key,,,,,print,,
,,,,,,passing,,visit,,,,,bite,,
,,,,,,accessible,,medicine,,,,,risk,,
,,,,,,pro,,tour,,,,,suit,,
,,,,,,well-known,,photo,,,,,register,,
,,,,,,ecological,,classroom,,,,,appoint,,
,,,,,,unprecedented,,contact,,,,,sense,,
,,,,,,preliminary,,justice,,,,,dry,,
,,,,,,shy,,pair,,,,,wander,,
,,,,,,disabled,,exercise,,,,,submit,,
,,,,,,gross,,knee,,,,,anticipate,,
,,,,,,damn,,flower,,,,,shrug,,
,,,,,,associate,,tape,,,,,cope,,
,,,,,,innovative,,supply,,,,,host,,
,,,,,,vertical,,cut,,,,,depict,,
,,,,,,instant,,will,,,,,collapse,,
,,,,,,colorful,,actor,,,,,borrow,,
,,,,,,organizational,,birth,,,,,brush,,
,,,,,,nasty,,search,,,,,devote,,
,,,,,,fierce,,democracy,,,,,crack,,
,,,,,,rational,,circle,,,,,ease,,
,,,,,,vocal,,device,,,,,seize,,
,,,,,,unfair,,progress,,,,,function,,
,,,,,,risky,,front,,,,,distinguish,,
,,,,,,depressed,,bottom,,,,,correct,,
,,,,,,closest,,island,,,,,portray,,
,,,,,,supportive,,exchange,,,,,persuade,,
,,,,,,informal,,studio,,,,,ban,,
,,,,,,sole,,lady,,,,,admire,,
,,,,,,partial,,colleague,,,,,exceed,,
,,,,,,excessive,,application,,,,,crash,,
,,,,,,high-tech,,neck,,,,,exhibit,,
,,,,,,logical,,damage,,,,,chase,,
,,,,,,blank,,plastic,,,,,document,,
,,,,,,developmental,,plate,,,,,recruit,,
,,,,,,faster,,start,,,,,swear,,
,,,,,,isolated,,expression,,,,,defeat,,
,,,,,,suspicious,,football,,,,,reinforce,,
,,,,,,eligible,,chicken,,,,,sigh,,
,,,,,,demographic,,army,,,,,attribute,,
,,,,,,intact,,abuse,,,,,dare,,
,,,,,,elaborate,,theater,,,,,cool,,
,,,,,,comparable,,map,,,,,highlight,,
,,,,,,awake,,session,,,,,decrease,,
,,,,,,feminist,,danger,,,,,compose,,
,,,,,,dumb,,literature,,,,,peer,,
,,,,,,philosophical,,rain,,,,,rank,,
,,,,,,municipal,,desire,,,,,regulate,,
,,,,,,neat,,assessment,,,,,shine,,
,,,,,,mobile,,injury,,,,,upset,,
,,,,,,brutal,,respect,,,,,resign,,
,,,,,,voluntary,,fuel,,,,,invent,,
,,,,,,valid,,leaf,,,,,interrupt,,
,,,,,,unhappy,,instruction,,,,,concern,,
,,,,,,distinctive,,fight,,,,,hunt,,
,,,,,,calm,,pool,,,,,echo,,
,,,,,,theological,,lead,,,,,integrate,,
,,,,,,fragile,,engine,,,,,rent,,
,,,,,,old-fashioned,,salt,,,,,delay,,
,,,,,,fantastic,,importance,,,,,shop,,
,,,,,,level,,metal,,,,,finance,,
,,,,,,liquid,,fat,,,,,beg,,
,,,,,,suitable,,ticket,,,,,sponsor,,
,,,,,,cruel,,software,,,,,slam,,
,,,,,,loyal,,lip,,,,,melt,,
,,,,,,rubber,,reading,,,,,entitle,,
,,,,,,favorable,,lunch,,,,,park,,
,,,,,,veteran,,farmer,,,,,exclude,,
,,,,,,blond,,sugar,,,,,greet,,
,,,,,,explicit,,planet,,,,,murder,,
,,,,,,magnetic,,enemy,,,,,march,,
,,,,,,consecutive,,athlete,,,,,pitch,,
,,,,,,republican,,soul,,,,,excuse,,
,,,,,,worldwide,,panel,,,,,fold,,
,,,,,,brave,,meaning,,,,,reverse,,
,,,,,,dense,,mom,,,,,flash,,
,,,,,,sunny,,instrument,,,,,tip,,
,,,,,,compelling,,weather,,,,,confuse,,
,,,,,,troubled,,commitment,,,,,plead,,
,,,,,,sustainable,,pocket,,,,,initiate,,
,,,,,,skilled,,temperature,,,,,swallow,,
,,,,,,marine,,surprise,,,,,motivate,,
,,,,,,boring,,poll,,,,,render,,
,,,,,,fatal,,proposal,,,,,trap,,
,,,,,,inherent,,consequence,,,,,restrict,,
,,,,,,naval,,half,,,,,enforce,,
,,,,,,middle-class,,breath,,,,,lend,,
,,,,,,,,sight,,,,,contend,,
,,,,,,,,cover,,,,,assemble,,
,,,,,,,,balance,,,,,burst,,
,,,,,,,,minority,,,,,speed,,
,,,,,,,,aid,,,,,protest,,
,,,,,,,,advice,,,,,facilitate,,
,,,,,,,,photograph,,,,,rip,,
,,,,,,,,trail,,,,,top,,
,,,,,,,,novel,,,,,label,,
,,,,,,,,code,,,,,consult,,
,,,,,,,,jury,,,,,forgive,,
,,,,,,,,breast,,,,,warm,,
,,,,,,,,human,,,,,project,,
,,,,,,,,theme,,,,,drift,,
,,,,,,,,storm,,,,,drain,,
,,,,,,,,union,,,,,hurry,,
,,,,,,,,desk,,,,,suck,,
,,,,,,,,thanks,,,,,leap,,
,,,,,,,,fruit,,,,,dump,,
,,,,,,,,conclusion,,,,,execute,,
,,,,,,,,shadow,,,,,average,,
,,,,,,,,analyst,,,,,tune,,
,,,,,,,,dance,,,,,endure,,
,,,,,,,,limit,,,,,behave,,
,,,,,,,,regulation,,,,,administer,,
,,,,,,,,being,,,,,guard,,
,,,,,,,,ring,,,,,await,,
,,,,,,,,revenue,,,,,trigger,,
,,,,,,,,county,,,,,spill,,
,,,,,,,,appearance,,,,,convict,,
,,,,,,,,package,,,,,modify,,
,,,,,,,,difficulty,,,,,award,,
,,,,,,,,bridge,,,,,boost,,
,,,,,,,,train,,,,,undermine,,
,,,,,,,,e-mail,,,,,survey,,
,,,,,,,,trend,,,,,research,,
,,,,,,,,visitor,,,,,stuff,,
,,,,,,,,loan,,,,,govern,,
,,,,,,,,investor,,,,,accommodate,,
,,,,,,,,profit,,,,,praise,,
,,,,,,,,crew,,,,,injure,,
,,,,,,,,accident,,,,,abuse,,
,,,,,,,,male,,,,,apologize,,
,,,,,,,,meal,,,,,scatter,,
,,,,,,,,hearing,,,,,convey,,
,,,,,,,,traffic,,,,,twist,,
,,,,,,,,muscle,,,,,relieve,,
,,,,,,,,notion,,,,,suspend,,
,,,,,,,,earth,,,,,desire,,
,,,,,,,,chest,,,,,resume,,
,,,,,,,,cash,,,,,rebuild,,
,,,,,,,,museum,,,,,bounce,,
,,,,,,,,beauty,,,,,click,,
,,,,,,,,emergency,,,,,signal,,
,,,,,,,,stress,,,,,dedicate,,
,,,,,,,,content,,,,,carve,,
,,,,,,,,root,,,,,ship,,
,,,,,,,,nose,,,,,scare,,
,,,,,,,,bottle,,,,,rescue,,
,,,,,,,,dress,,,,,diagnose,,
,,,,,,,,file,,,,,crawl,,
,,,,,,,,outcome,,,,,frame,,
,,,,,,,,ad,,,,,hug,,
,,,,,,,,duty,,,,,punish,,
,,,,,,,,sheet,,,,,endorse,,
,,,,,,,,extent,,,,,program,,
,,,,,,,,component,,,,,picture,,
,,,,,,,,contrast,,,,,age,,
,,,,,,,,zone,,,,,volunteer,,
,,,,,,,,airport,,,,,advocate,,
,,,,,,,,chief,,,,,strip,,
,,,,,,,,shirt,,,,,cancel,,
,,,,,,,,pilot,,,,,blend,,
,,,,,,,,cat,,,,,slice,,
,,,,,,,,contribution,,,,,peel,,
,,,,,,,,capacity,,,,,hesitate,,
,,,,,,,,estate,,,,,flip,,
,,,,,,,,guide,,,,,debate,,
,,,,,,,,circumstance,,,,,vanish,,
,,,,,,,,snow,,,,,trail,,
,,,,,,,,politician,,,,,confess,,
,,,,,,,,percentage,,,,,enroll,,
,,,,,,,,meat,,,,,diminish,,
,,,,,,,,soil,,,,,value,,
,,,,,,,,surgery,,,,,minimize,,
,,,,,,,,basketball,,,,,chop,,
,,,,,,,,golf,,,,,isolate,,
,,,,,,,,chain,,,,,pump,,
,,,,,,,,address,,,,,repair,,
,,,,,,,,branch,,,,,prohibit,,
,,,,,,,,combination,,,,,command,,
,,,,,,,,governor,,,,,stumble,,
,,,,,,,,relief,,,,,descend,,
,,,,,,,,user,,,,,hook,,
,,,,,,,,dad,,,,,cooperate,,
,,,,,,,,manner,,,,,seal,,
,,,,,,,,silence,,,,,scan,,
,,,,,,,,rating,,,,,undertake,,
,,,,,,,,motion,,,,,reserve,,
,,,,,,,,gender,,,,,spring,,
,,,,,,,,fee,,,,,oversee,,
,,,,,,,,landscape,,,,,stem,,
,,,,,,,,bowl,,,,,credit,,
,,,,,,,,frame,,,,,shock,,
,,,,,,,,host,,,,,please,,
,,,,,,,,hall,,,,,slap,,
,,,,,,,,ocean,,,,,donate,,
,,,,,,,,row,,,,,tackle,,
,,,,,,,,producer,,,,,heat,,
,,,,,,,,regime,,,,,tuck,,
,,,,,,,,division,,,,,post,,
,,,,,,,,appeal,,,,,specialize,,
,,,,,,,,mirror,,,,,sail,,
,,,,,,,,tooth,,,,,condemn,,
,,,,,,,,length,,,,,unite,,
,,,,,,,,topic,,,,,equip,,
,,,,,,,,variable,,,,,exchange,,
,,,,,,,,telephone,,,,,grin,,
,,,,,,,,perception,,,,,bless,,
,,,,,,,,confidence,,,,,rock,,
,,,,,,,,bedroom,,,,,root,,
,,,,,,,,secret,,,,,conceive,,
,,,,,,,,debt,,,,,grasp,,
,,,,,,,,tank,,,,,position,,
,,,,,,,,nurse,,,,,calm,,
,,,,,,,,coverage,,,,,haul,,
,,,,,,,,opposition,,,,,concede,,
,,,,,,,,bond,,,,,ruin,,
,,,,,,,,pleasure,,,,,discourage,,
,,,,,,,,master,,,,,divorce,,
,,,,,,,,era,,,,,star,,
,,,,,,,,requirement,,,,,draft,,
,,,,,,,,check,,,,,instruct,,
,,,,,,,,stand,,,,,manipulate,,
,,,,,,,,fun,,,,,edit,,
,,,,,,,,expectation,,,,,whip,,
,,,,,,,,wing,,,,,boil,,
,,,,,,,,struggle,,,,,seat,,
,,,,,,,,judgment,,,,,utilize,,
,,,,,,,,beer,,,,,dissolve,,
,,,,,,,,reference,,,,,object,,
,,,,,,,,tear,,,,,spell,,
,,,,,,,,doubt,,,,,insert,,
,,,,,,,,minister,,,,,crush,,
,,,,,,,,hero,,,,,tolerate,,
,,,,,,,,cloud,,,,,harm,,
,,,,,,,,winner,,,,,scramble,,
,,,,,,,,volume,,,,,decorate,,
,,,,,,,,travel,,,,,sort,,
,,,,,,,,seed,,,,,interact,,
,,,,,,,,fashion,,,,,punch,,
,,,,,,,,pepper,,,,,persist,,
,,,,,,,,intervention,,,,,shed,,
,,,,,,,,copy,,,,,foster,,
,,,,,,,,tip,,,,,cheat,,
,,,,,,,,welfare,,,,,access,,
,,,,,,,,vegetable,,,,,heal,,
,,,,,,,,dish,,,,,exploit,,
,,,,,,,,beach,,,,,shove,,
,,,,,,,,improvement,,,,,comprise,,
,,,,,,,,opening,,,,,counter,,
,,,,,,,,route,,,,,disclose,,
,,,,,,,,league,,,,,interfere,,
,,,,,,,,core,,,,,outline,,
,,,,,,,,rise,,,,,gaze,,
,,,,,,,,tie,,,,,uncover,,
,,,,,,,,holiday,,,,,reward,,
,,,,,,,,resolution,,,,,stimulate,,
,,,,,,,,household,,,,,sacrifice,,
,,,,,,,,abortion,,,,,compel,,
,,,,,,,,witness,,,,,proclaim,,
,,,,,,,,sector,,,,,hike,,
,,,,,,,,representative,,,,,cease,,
,,,,,,,,black,,,,,inherit,,
,,,,,,,,incident,,,,,shrink,,
,,,,,,,,flow,,,,,model,,
,,,,,,,,faculty,,,,,envision,,
,,,,,,,,waste,,,,,weaken,,
,,,,,,,,mass,,,,,deploy,,
,,,,,,,,experiment,,,,,distract,,
,,,,,,,,bomb,,,,,invade,,
,,,,,,,,tone,,,,,classify,,
,,,,,,,,engineer,,,,,wound,,
,,,,,,,,wheel,,,,,aid,,
,,,,,,,,female,,,,,skip,,
,,,,,,,,promise,,,,,flood,,
,,,,,,,,cable,,,,,dip,,
,,,,,,,,cream,,,,,tighten,,
,,,,,,,,secretary,,,,,boast,,
,,,,,,,,gate,,,,,pat,,
,,,,,,,,hill,,,,,unfold,,
,,,,,,,,noise,,,,,joke,,
,,,,,,,,grass,,,,,deem,,
,,,,,,,,hat,,,,,sneak,,
,,,,,,,,legislation,,,,,disturb,,
,,,,,,,,achievement,,,,,pile,,
,,,,,,,,fishing,,,,,spare,,
,,,,,,,,drink,,,,,cure,,
,,,,,,,,talent,,,,,regret,,
,,,,,,,,taste,,,,,cling,,
,,,,,,,,characteristic,,,,,blink,,
,,,,,,,,milk,,,,,plunge,,
,,,,,,,,sentence,,,,,color,,
,,,,,,,,height,,,,,rain,,
,,,,,,,,physician,,,,,steer,,
,,,,,,,,sleep,,,,,cheer,,
,,,,,,,,ride,,,,,thrive,,
,,,,,,,,explanation,,,,,chew,,
,,,,,,,,campus,,,,,comply,,
,,,,,,,,potential,,,,,transport,,
,,,,,,,,immigrant,,,,,scratch,,
,,,,,,,,alternative,,,,,compromise,,
,,,,,,,,interaction,,,,,strain,,
,,,,,,,,column,,,,,sprinkle,,
,,,,,,,,personality,,,,,arm,,
,,,,,,,,signal,,,,,forbid,,
,,,,,,,,curriculum,,,,,poke,,
,,,,,,,,honor,,,,,opt,,
,,,,,,,,passenger,,,,,trouble,,
,,,,,,,,assistance,,,,,soar,,
,,,,,,,,association,,,,,enact,,
,,,,,,,,lab,,,,,round,,
,,,,,,,,offer,,,,,remark,,
,,,,,,,,criticism,,,,,exhaust,,
,,,,,,,,asset,,,,,circle,,
,,,,,,,,depression,,,,,prevail,,
,,,,,,,,journalist,,,,,screw,,
,,,,,,,,prayer,,,,,battle,,
,,,,,,,,scholar,,,,,drill,,
,,,,,,,,climate,,,,,authorize,,
,,,,,,,,cheese,,,,,pound,,
,,,,,,,,observation,,,,,frown,,
,,,,,,,,childhood,,,,,regain,,
,,,,,,,,payment,,,,,broadcast,,
,,,,,,,,sir,,,,,overwhelm,,
,,,,,,,,cigarette,,,,,contemplate,,
,,,,,,,,definition,,,,,update,,
,,,,,,,,priority,,,,,spark,,
,,,,,,,,bread,,,,,speculate,,
,,,,,,,,creation,,,,,preach,,
,,,,,,,,graduate,,,,,bomb,,
,,,,,,,,request,,,,,provoke,,
,,,,,,,,emotion,,,,,fish,,
,,,,,,,,universe,,,,,mutter,,
,,,,,,,,gap,,,,,depart,,
,,,,,,,,prosecutor,,,,,soak,,
,,,,,,,,mark,,,,,transmit,,
,,,,,,,,green,,,,,screen,,
,,,,,,,,airline,,,,,coordinate,,
,,,,,,,,library,,,,,specify,,
,,,,,,,,agenda,,,,,frustrate,,
,,,,,,,,factory,,,,,crowd,,
,,,,,,,,selection,,,,,articulate,,
,,,,,,,,roof,,,,,swell,,
,,,,,,,,expense,,,,,soften,,
,,,,,,,,initiative,,,,,photograph,,
,,,,,,,,diet,,,,,straighten,,
,,,,,,,,funding,,,,,bow,,
,,,,,,,,therapy,,,,,weave,,
,,,,,,,,schedule,,,,,copy,,
,,,,,,,,housing,,,,,trim,,
,,,,,,,,post,,,,,accelerate,,
,,,,,,,,dark,,,,,drown,,
,,,,,,,,steel,,,,,spit,,
,,,,,,,,chip,,,,,harvest,,
,,,,,,,,self,,,,,kneel,,
,,,,,,,,bike,,,,,dictate,,
,,,,,,,,tea,,,,,kid,,
,,,,,,,,comparison,,,,,,,
,,,,,,,,settlement,,,,,,,
,,,,,,,,layer,,,,,,,
,,,,,,,,planning,,,,,,,
,,,,,,,,description,,,,,,,
,,,,,,,,wedding,,,,,,,
,,,,,,,,portion,,,,,,,
,,,,,,,,territory,,,,,,,
,,,,,,,,opponent,,,,,,,
,,,,,,,,link,,,,,,,
,,,,,,,,lake,,,,,,,
,,,,,,,,tension,,,,,,,
,,,,,,,,display,,,,,,,
,,,,,,,,alcohol,,,,,,,
,,,,,,,,gain,,,,,,,
,,,,,,,,desert,,,,,,,
,,,,,,,,error,,,,,,,
,,,,,,,,release,,,,,,,
,,,,,,,,cop,,,,,,,
,,,,,,,,walk,,,,,,,
,,,,,,,,sand,,,,,,,
,,,,,,,,hit,,,,,,,
,,,,,,,,print,,,,,,,
,,,,,,,,passage,,,,,,,
,,,,,,,,transition,,,,,,,
,,,,,,,,existence,,,,,,,
,,,,,,,,album,,,,,,,
,,,,,,,,participation,,,,,,,
,,,,,,,,atmosphere,,,,,,,
,,,,,,,,cycle,,,,,,,
,,,,,,,,whole,,,,,,,
,,,,,,,,resistance,,,,,,,
,,,,,,,,discovery,,,,,,,
,,,,,,,,exposure,,,,,,,
,,,,,,,,stream,,,,,,,
,,,,,,,,sale,,,,,,,
,,,,,,,,trust,,,,,,,
,,,,,,,,pot,,,,,,,
,,,,,,,,coalition,,,,,,,
,,,,,,,,tale,,,,,,,
,,,,,,,,knife,,,,,,,
,,,,,,,,phase,,,,,,,
,,,,,,,,present,,,,,,,
,,,,,,,,joke,,,,,,,
,,,,,,,,coat,,,,,,,
,,,,,,,,symptom,,,,,,,
,,,,,,,,manufacturer,,,,,,,
,,,,,,,,philosophy,,,,,,,
,,,,,,,,potato,,,,,,,
,,,,,,,,foundation,,,,,,,
,,,,,,,,negotiation,,,,,,,
,,,,,,,,good,,,,,,,
,,,,,,,,occasion,,,,,,,
,,,,,,,,dust,,,,,,,
,,,,,,,,investigator,,,,,,,
,,,,,,,,jacket,,,,,,,
,,,,,,,,reduction,,,,,,,
,,,,,,,,shift,,,,,,,
,,,,,,,,suicide,,,,,,,
,,,,,,,,touch,,,,,,,
,,,,,,,,substance,,,,,,,
,,,,,,,,discipline,,,,,,,
,,,,,,,,iron,,,,,,,
,,,,,,,,passion,,,,,,,
,,,,,,,,volunteer,,,,,,,
,,,,,,,,gene,,,,,,,
,,,,,,,,enforcement,,,,,,,
,,,,,,,,sauce,,,,,,,
,,,,,,,,independence,,,,,,,
,,,,,,,,marketing,,,,,,,
,,,,,,,,priest,,,,,,,
,,,,,,,,advance,,,,,,,
,,,,,,,,employer,,,,,,,
,,,,,,,,shock,,,,,,,
,,,,,,,,illness,,,,,,,
,,,,,,,,cap,,,,,,,
,,,,,,,,habit,,,,,,,
,,,,,,,,juice,,,,,,,
,,,,,,,,involvement,,,,,,,
,,,,,,,,disaster,,,,,,,
,,,,,,,,parking,,,,,,,
,,,,,,,,prospect,,,,,,,
,,,,,,,,complaint,,,,,,,
,,,,,,,,championship,,,,,,,
,,,,,,,,mystery,,,,,,,
,,,,,,,,poverty,,,,,,,
,,,,,,,,entry,,,,,,,
,,,,,,,,spending,,,,,,,
,,,,,,,,king,,,,,,,
,,,,,,,,symbol,,,,,,,
,,,,,,,,maker,,,,,,,
,,,,,,,,mood,,,,,,,
,,,,,,,,emphasis,,,,,,,
,,,,,,,,boot,,,,,,,
,,,,,,,,entertainment,,,,,,,
,,,,,,,,bean,,,,,,,
,,,,,,,,evaluation,,,,,,,
,,,,,,,,creature,,,,,,,
,,,,,,,,commander,,,,,,,
,,,,,,,,arrangement,,,,,,,
,,,,,,,,total,,,,,,,
,,,,,,,,anger,,,,,,,
,,,,,,,,peak,,,,,,,
,,,,,,,,disorder,,,,,,,
,,,,,,,,missile,,,,,,,
,,,,,,,,wire,,,,,,,
,,,,,,,,round,,,,,,,
,,,,,,,,distribution,,,,,,,
,,,,,,,,transportation,,,,,,,
,,,,,,,,twin,,,,,,,
,,,,,,,,command,,,,,,,
,,,,,,,,commission,,,,,,,
,,,,,,,,interpretation,,,,,,,
,,,,,,,,breakfast,,,,,,,
,,,,,,,,stop,,,,,,,
,,,,,,,,engineering,,,,,,,
,,,,,,,,luck,,,,,,,
,,,,,,,,clinic,,,,,,,
,,,,,,,,veteran,,,,,,,
,,,,,,,,tablespoon,,,,,,,
,,,,,,,,tourist,,,,,,,
,,,,,,,,tomato,,,,,,,
,,,,,,,,exception,,,,,,,
,,,,,,,,butter,,,,,,,
,,,,,,,,deficit,,,,,,,
,,,,,,,,bathroom,,,,,,,
,,,,,,,,objective,,,,,,,
,,,,,,,,ally,,,,,,,
,,,,,,,,journey,,,,,,,
,,,,,,,,reputation,,,,,,,
,,,,,,,,mixture,,,,,,,
,,,,,,,,tower,,,,,,,
,,,,,,,,smoke,,,,,,,
,,,,,,,,dimension,,,,,,,
,,,,,,,,toy,,,,,,,
,,,,,,,,prisoner,,,,,,,
,,,,,,,,peer,,,,,,,
,,,,,,,,designer,,,,,,,
,,,,,,,,personnel,,,,,,,
,,,,,,,,educator,,,,,,,
,,,,,,,,relative,,,,,,,
,,,,,,,,immigration,,,,,,,
,,,,,,,,belt,,,,,,,
,,,,,,,,teaspoon,,,,,,,
,,,,,,,,birthday,,,,,,,
,,,,,,,,implication,,,,,,,
,,,,,,,,coast,,,,,,,
,,,,,,,,supporter,,,,,,,
,,,,,,,,silver,,,,,,,
,,,,,,,,teenager,,,,,,,
,,,,,,,,recognition,,,,,,,
,,,,,,,,retirement,,,,,,,
,,,,,,,,flag,,,,,,,
,,,,,,,,recovery,,,,,,,
,,,,,,,,watch,,,,,,,
,,,,,,,,gentleman,,,,,,,
,,,,,,,,corn,,,,,,,
,,,,,,,,moon,,,,,,,
,,,,,,,,throat,,,,,,,
,,,,,,,,salary,,,,,,,
,,,,,,,,observer,,,,,,,
,,,,,,,,publication,,,,,,,
,,,,,,,,crop,,,,,,,
,,,,,,,,strike,,,,,,,
,,,,,,,,phenomenon,,,,,,,
,,,,,,,,anxiety,,,,,,,
,,,,,,,,convention,,,,,,,
,,,,,,,,exhibition,,,,,,,
,,,,,,,,viewer,,,,,,,
,,,,,,,,pan,,,,,,,
,,,,,,,,consultant,,,,,,,
,,,,,,,,administrator,,,,,,,
,,,,,,,,mayor,,,,,,,
,,,,,,,,consideration,,,,,,,
,,,,,,,,estimate,,,,,,,
,,,,,,,,buck,,,,,,,
,,,,,,,,poem,,,,,,,
,,,,,,,,grandmother,,,,,,,
,,,,,,,,enterprise,,,,,,,
,,,,,,,,stomach,,,,,,,
,,,,,,,,suggestion,,,,,,,
,,,,,,,,mail,,,,,,,
,,,,,,,,recipe,,,,,,,
,,,,,,,,preparation,,,,,,,
,,,,,,,,concert,,,,,,,
,,,,,,,,intention,,,,,,,
,,,,,,,,channel,,,,,,,
,,,,,,,,tube,,,,,,,
,,,,,,,,protein,,,,,,,
,,,,,,,,absence,,,,,,,
,,,,,,,,roll,,,,,,,
,,,,,,,,jail,,,,,,,
,,,,,,,,diversity,,,,,,,
,,,,,,,,pace,,,,,,,
,,,,,,,,employment,,,,,,,
,,,,,,,,speaker,,,,,,,
,,,,,,,,impression,,,,,,,
,,,,,,,,essay,,,,,,,
,,,,,,,,respondent,,,,,,,
,,,,,,,,cake,,,,,,,
,,,,,,,,historian,,,,,,,
,,,,,,,,specialist,,,,,,,
,,,,,,,,origin,,,,,,,
,,,,,,,,approval,,,,,,,
,,,,,,,,mine,,,,,,,
,,,,,,,,drop,,,,,,,
,,,,,,,,count,,,,,,,
,,,,,,,,depth,,,,,,,
,,,,,,,,wealth,,,,,,,
,,,,,,,,disability,,,,,,,
,,,,,,,,shell,,,,,,,
,,,,,,,,professional,,,,,,,
,,,,,,,,pack,,,,,,,
,,,,,,,,onion,,,,,,,
,,,,,,,,deputy,,,,,,,
,,,,,,,,brand,,,,,,,
,,,,,,,,award,,,,,,,
,,,,,,,,dealer,,,,,,,
,,,,,,,,utility,,,,,,,
,,,,,,,,highway,,,,,,,
,,,,,,,,routine,,,,,,,
,,,,,,,,wage,,,,,,,
,,,,,,,,phrase,,,,,,,
,,,,,,,,ingredient,,,,,,,
,,,,,,,,stake,,,,,,,
,,,,,,,,fiber,,,,,,,
,,,,,,,,activist,,,,,,,
,,,,,,,,terrorism,,,,,,,
,,,,,,,,refugee,,,,,,,
,,,,,,,,hip,,,,,,,
,,,,,,,,corporation,,,,,,,
,,,,,,,,assumption,,,,,,,
,,,,,,,,gear,,,,,,,
,,,,,,,,barrier,,,,,,,
,,,,,,,,provision,,,,,,,
,,,,,,,,killer,,,,,,,
,,,,,,,,gang,,,,,,,
,,,,,,,,chemical,,,,,,,
,,,,,,,,label,,,,,,,
,,,,,,,,teen,,,,,,,
,,,,,,,,index,,,,,,,
,,,,,,,,vacation,,,,,,,
,,,,,,,,advocate,,,,,,,
,,,,,,,,draft,,,,,,,
,,,,,,,,heaven,,,,,,,
,,,,,,,,drama,,,,,,,
,,,,,,,,satellite,,,,,,,
,,,,,,,,wonder,,,,,,,
,,,,,,,,clock,,,,,,,
,,,,,,,,chocolate,,,,,,,
,,,,,,,,ceiling,,,,,,,
,,,,,,,,advertising,,,,,,,
,,,,,,,,button,,,,,,,
,,,,,,,,bell,,,,,,,
,,,,,,,,rank,,,,,,,
,,,,,,,,darkness,,,,,,,
,,,,,,,,clothing,,,,,,,
,,,,,,,,fence,,,,,,,
,,,,,,,,portrait,,,,,,,
,,,,,,,,paint,,,,,,,
,,,,,,,,survival,,,,,,,
,,,,,,,,lawsuit,,,,,,,
,,,,,,,,testimony,,,,,,,
,,,,,,,,bunch,,,,,,,
,,,,,,,,beat,,,,,,,
,,,,,,,,burden,,,,,,,
,,,,,,,,chamber,,,,,,,
,,,,,,,,furniture,,,,,,,
,,,,,,,,cooperation,,,,,,,
,,,,,,,,string,,,,,,,
,,,,,,,,ceremony,,,,,,,
,,,,,,,,cheek,,,,,,,
,,,,,,,,profile,,,,,,,
,,,,,,,,mechanism,,,,,,,
,,,,,,,,penalty,,,,,,,
,,,,,,,,match,,,,,,,
,,,,,,,,resort,,,,,,,
,,,,,,,,destruction,,,,,,,
,,,,,,,,bear,,,,,,,
,,,,,,,,tissue,,,,,,,
,,,,,,,,pant,,,,,,,
,,,,,,,,stranger,,,,,,,
,,,,,,,,infection,,,,,,,
,,,,,,,,cabinet,,,,,,,
,,,,,,,,apple,,,,,,,
,,,,,,,,virus,,,,,,,
,,,,,,,,dispute,,,,,,,
,,,,,,,,fortune,,,,,,,
,,,,,,,,assistant,,,,,,,
,,,,,,,,shopping,,,,,,,
,,,,,,,,cousin,,,,,,,
,,,,,,,,white,,,,,,,
,,,,,,,,port,,,,,,,
,,,,,,,,electricity,,,,,,,
,,,,,,,,adviser,,,,,,,
,,,,,,,,pay,,,,,,,
,,,,,,,,spokesman,,,,,,,
,,,,,,,,incentive,,,,,,,
,,,,,,,,slave,,,,,,,
,,,,,,,,terror,,,,,,,
,,,,,,,,expansion,,,,,,,
,,,,,,,,elite,,,,,,,
,,,,,,,,dirt,,,,,,,
,,,,,,,,rice,,,,,,,
,,,,,,,,bullet,,,,,,,
,,,,,,,,chart,,,,,,,
,,,,,,,,decline,,,,,,,
,,,,,,,,conservative,,,,,,,
,,,,,,,,stick,,,,,,,
,,,,,,,,concentration,,,,,,,
,,,,,,,,champion,,,,,,,
,,,,,,,,scenario,,,,,,,
,,,,,,,,telescope,,,,,,,
,,,,,,,,reflection,,,,,,,
,,,,,,,,revolution,,,,,,,
,,,,,,,,strip,,,,,,,
,,,,,,,,tournament,,,,,,,
,,,,,,,,fiction,,,,,,,
,,,,,,,,lifetime,,,,,,,
,,,,,,,,recommendation,,,,,,,
,,,,,,,,senator,,,,,,,
,,,,,,,,salad,,,,,,,
,,,,,,,,boundary,,,,,,,
,,,,,,,,satisfaction,,,,,,,
,,,,,,,,journal,,,,,,,
,,,,,,,,bench,,,,,,,
,,,,,,,,lover,,,,,,,
,,,,,,,,awareness,,,,,,,
,,,,,,,,general,,,,,,,
,,,,,,,,deck,,,,,,,
,,,,,,,,pole,,,,,,,
,,,,,,,,mode,,,,,,,
,,,,,,,,dialogue,,,,,,,
,,,,,,,,founder,,,,,,,
,,,,,,,,pride,,,,,,,
,,,,,,,,aircraft,,,,,,,
,,,,,,,,delivery,,,,,,,
,,,,,,,,platform,,,,,,,
,,,,,,,,finance,,,,,,,
,,,,,,,,joy,,,,,,,
,,,,,,,,worth,,,,,,,
,,,,,,,,singer,,,,,,,
,,,,,,,,offense,,,,,,,
,,,,,,,,counter,,,,,,,
,,,,,,,,smell,,,,,,,
,,,,,,,,transfer,,,,,,,
,,,,,,,,protest,,,,,,,
,,,,,,,,crash,,,,,,,
,,,,,,,,craft,,,,,,,
,,,,,,,,treaty,,,,,,,
,,,,,,,,terrorist,,,,,,,
,,,,,,,,insight,,,,,,,
,,,,,,,,lie,,,,,,,
,,,,,,,,episode,,,,,,,
,,,,,,,,fault,,,,,,,
,,,,,,,,mix,,,,,,,
,,,,,,,,assault,,,,,,,
,,,,,,,,stair,,,,,,,
,,,,,,,,adventure,,,,,,,
,,,,,,,,proof,,,,,,,
,,,,,,,,headquarters,,,,,,,
,,,,,,,,violation,,,,,,,
,,,,,,,,tongue,,,,,,,
,,,,,,,,license,,,,,,,
,,,,,,,,hold,,,,,,,
,,,,,,,,shelter,,,,,,,
,,,,,,,,controversy,,,,,,,
,,,,,,,,entrance,,,,,,,
,,,,,,,,favorite,,,,,,,
,,,,,,,,tragedy,,,,,,,
,,,,,,,,net,,,,,,,
,,,,,,,,funeral,,,,,,,
,,,,,,,,profession,,,,,,,
,,,,,,,,establishment,,,,,,,
,,,,,,,,imagination,,,,,,,
,,,,,,,,mask,,,,,,,
,,,,,,,,presentation,,,,,,,
,,,,,,,,introduction,,,,,,,
,,,,,,,,representation,,,,,,,
,,,,,,,,deer,,,,,,,
,,,,,,,,partnership,,,,,,,
,,,,,,,,pollution,,,,,,,
,,,,,,,,emission,,,,,,,
,,,,,,,,fate,,,,,,,
,,,,,,,,earnings,,,,,,,
,,,,,,,,oven,,,,,,,
,,,,,,,,distinction,,,,,,,
,,,,,,,,segment,,,,,,,
,,,,,,,,poet,,,,,,,
,,,,,,,,variation,,,,,,,
,,,,,,,,comfort,,,,,,,
,,,,,,,,honey,,,,,,,
,,,,,,,,correspondent,,,,,,,
,,,,,,,,musician,,,,,,,
,,,,,,,,significance,,,,,,,
,,,,,,,,load,,,,,,,
,,,,,,,,vessel,,,,,,,
,,,,,,,,storage,,,,,,,
,,,,,,,,leather,,,,,,,
,,,,,,,,evolution,,,,,,,
,,,,,,,,tribe,,,,,,,
,,,,,,,,shelf,,,,,,,
,,,,,,,,can,,,,,,,
,,,,,,,,grandfather,,,,,,,
,,,,,,,,lawn,,,,,,,
,,,,,,,,buyer,,,,,,,
,,,,,,,,wisdom,,,,,,,
,,,,,,,,council,,,,,,,
,,,,,,,,instance,,,,,,,
,,,,,,,,garlic,,,,,,,
,,,,,,,,capability,,,,,,,
,,,,,,,,poetry,,,,,,,
,,,,,,,,celebrity,,,,,,,
,,,,,,,,stability,,,,,,,
,,,,,,,,fantasy,,,,,,,
,,,,,,,,plot,,,,,,,
,,,,,,,,framework,,,,,,,
,,,,,,,,gesture,,,,,,,
,,,,,,,,psychology,,,,,,,
,,,,,,,,counselor,,,,,,,
,,,,,,,,chapter,,,,,,,
,,,,,,,,fellow,,,,,,,
,,,,,,,,divorce,,,,,,,
,,,,,,,,pipe,,,,,,,
,,,,,,,,math,,,,,,,
,,,,,,,,shade,,,,,,,
,,,,,,,,tail,,,,,,,
,,,,,,,,obligation,,,,,,,
,,,,,,,,angle,,,,,,,
,,,,,,,,palm,,,,,,,
,,,,,,,,custom,,,,,,,
,,,,,,,,economist,,,,,,,
,,,,,,,,soup,,,,,,,
,,,,,,,,celebration,,,,,,,
,,,,,,,,composition,,,,,,,
,,,,,,,,pile,,,,,,,
,,,,,,,,carbon,,,,,,,
,,,,,,,,scheme,,,,,,,
,,,,,,,,crack,,,,,,,
,,,,,,,,frequency,,,,,,,
,,,,,,,,tobacco,,,,,,,
,,,,,,,,survivor,,,,,,,
,,,,,,,,psychologist,,,,,,,
,,,,,,,,galaxy,,,,,,,
,,,,,,,,ski,,,,,,,
,,,,,,,,limitation,,,,,,,
,,,,,,,,appointment,,,,,,,
,,,,,,,,preference,,,,,,,
,,,,,,,,meter,,,,,,,
,,,,,,,,explosion,,,,,,,
,,,,,,,,arrest,,,,,,,
,,,,,,,,fighter,,,,,,,
,,,,,,,,admission,,,,,,,
,,,,,,,,hunter,,,,,,,
,,,,,,,,friendship,,,,,,,
,,,,,,,,aide,,,,,,,
,,,,,,,,infant,,,,,,,
,,,,,,,,porch,,,,,,,
,,,,,,,,tendency,,,,,,,
,,,,,,,,uniform,,,,,,,
,,,,,,,,formation,,,,,,,
,,,,,,,,scholarship,,,,,,,
,,,,,,,,reservation,,,,,,,
,,,,,,,,efficiency,,,,,,,
,,,,,,,,mall,,,,,,,
,,,,,,,,scandal,,,,,,,
,,,,,,,,heel,,,,,,,
,,,,,,,,privacy,,,,,,,
,,,,,,,,fabric,,,,,,,
,,,,,,,,contest,,,,,,,
,,,,,,,,proportion,,,,,,,
,,,,,,,,guideline,,,,,,,
,,,,,,,,rifle,,,,,,,
,,,,,,,,maintenance,,,,,,,
,,,,,,,,conviction,,,,,,,
,,,,,,,,trick,,,,,,,
,,,,,,,,tent,,,,,,,
,,,,,,,,examination,,,,,,,
,,,,,,,,publisher,,,,,,,
,,,,,,,,myth,,,,,,,
,,,,,,,,cow,,,,,,,
,,,,,,,,tennis,,,,,,,
,,,,,,,,nerve,,,,,,,
,,,,,,,,barrel,,,,,,,
,,,,,,,,bombing,,,,,,,
,,,,,,,,membership,,,,,,,
,,,,,,,,ratio,,,,,,,
,,,,,,,,menu,,,,,,,
,,,,,,,,purchase,,,,,,,
,,,,,,,,lifestyle,,,,,,,
,,,,,,,,humor,,,,,,,
,,,,,,,,glove,,,,,,,
,,,,,,,,suspect,,,,,,,
,,,,,,,,narrative,,,,,,,
,,,,,,,,photographer,,,,,,,
,,,,,,,,helicopter,,,,,,,
,,,,,,,,provider,,,,,,,
,,,,,,,,delay,,,,,,,
,,,,,,,,stroke,,,,,,,
,,,,,,,,scope,,,,,,,
,,,,,,,,punishment,,,,,,,
,,,,,,,,handful,,,,,,,
,,,,,,,,horizon,,,,,,,
,,,,,,,,girlfriend,,,,,,,
,,,,,,,,cholesterol,,,,,,,
,,,,,,,,adjustment,,,,,,,
,,,,,,,,taxpayer,,,,,,,
,,,,,,,,principal,,,,,,,
,,,,,,,,motivation,,,,,,,
,,,,,,,,assignment,,,,,,,
,,,,,,,,restriction,,,,,,,
,,,,,,,,laboratory,,,,,,,
,,,,,,,,workshop,,,,,,,
,,,,,,,,auto,,,,,,,
,,,,,,,,cotton,,,,,,,
,,,,,,,,motor,,,,,,,
,,,,,,,,flavor,,,,,,,
,,,,,,,,sequence,,,,,,,
,,,,,,,,demonstration,,,,,,,
,,,,,,,,jet,,,,,,,
,,,,,,,,consumption,,,,,,,
,,,,,,,,blade,,,,,,,
,,,,,,,,medication,,,,,,,
,,,,,,,,cabin,,,,,,,
,,,,,,,,edition,,,,,,,
,,,,,,,,valley,,,,,,,
,,,,,,,,pitch,,,,,,,
,,,,,,,,pine,,,,,,,
,,,,,,,,manufacturing,,,,,,,
,,,,,,,,complex,,,,,,,
,,,,,,,,chef,,,,,,,
,,,,,,,,discrimination,,,,,,,
,,,,,,,,boom,,,,,,,
,,,,,,,,heritage,,,,,,,
,,,,,,,,shit,,,,,,,
,,,,,,,,lemon,,,,,,,
,,,,,,,,economics,,,,,,,
,,,,,,,,nut,,,,,,,
,,,,,,,,legacy,,,,,,,
,,,,,,,,extension,,,,,,,
,,,,,,,,fly,,,,,,,
,,,,,,,,battery,,,,,,,
,,,,,,,,arrival,,,,,,,
,,,,,,,,orientation,,,,,,,
,,,,,,,,inflation,,,,,,,
,,,,,,,,flame,,,,,,,
,,,,,,,,cluster,,,,,,,
,,,,,,,,wound,,,,,,,
,,,,,,,,shower,,,,,,,
,,,,,,,,operating,,,,,,,
,,,,,,,,flesh,,,,,,,
,,,,,,,,garage,,,,,,,
,,,,,,,,operator,,,,,,,
,,,,,,,,instructor,,,,,,,
,,,,,,,,comedy,,,,,,,
,,,,,,,,mortgage,,,,,,,
,,,,,,,,sanction,,,,,,,
,,,,,,,,habitat,,,,,,,
,,,,,,,,grain,,,,,,,
,,,,,,,,consciousness,,,,,,,
,,,,,,,,measurement,,,,,,,
,,,,,,,,province,,,,,,,
,,,,,,,,nomination,,,,,,,
,,,,,,,,permission,,,,,,,
,,,,,,,,actress,,,,,,,
,,,,,,,,summit,,,,,,,
,,,,,,,,acid,,,,,,,
,,,,,,,,odds,,,,,,,
,,,,,,,,frustration,,,,,,,
,,,,,,,,medium,,,,,,,
,,,,,,,,grant,,,,,,,
,,,,,,,,shore,,,,,,,
,,,,,,,,lung,,,,,,,
,,,,,,,,discourse,,,,,,,
,,,,,,,,basket,,,,,,,
,,,,,,,,competitor,,,,,,,
,,,,,,,,powder,,,,,,,
,,,,,,,,ghost,,,,,,,
,,,,,,,,cookie,,,,,,,
,,,,,,,,carrier,,,,,,,
,,,,,,,,cooking,,,,,,,
,,,,,,,,swing,,,,,,,
,,,,,,,,orange,,,,,,,
,,,,,,,,pet,,,,,,,
,,,,,,,,miracle,,,,,,,
,,,,,,,,rhythm,,,,,,,
,,,,,,,,sin,,,,,,,
,,,,,,,,charity,,,,,,,
,,,,,,,,script,,,,,,,
,,,,,,,,tactic,,,,,,,
,,,,,,,,identification,,,,,,,
,,,,,,,,transformation,,,,,,,
,,,,,,,,headline,,,,,,,
,,,,,,,,venture,,,,,,,
,,,,,,,,invasion,,,,,,,
,,,,,,,,military,,,,,,,
,,,,,,,,piano,,,,,,,
,,,,,,,,grocery,,,,,,,
,,,,,,,,intensity,,,,,,,
,,,,,,,,blanket,,,,,,,
,,,,,,,,margin,,,,,,,
,,,,,,,,quarterback,,,,,,,
,,,,,,,,mouse,,,,,,,
,,,,,,,,rope,,,,,,,
,,,,,,,,prescription,,,,,,,
,,,,,,,,brick,,,,,,,
,,,,,,,,patch,,,,,,,
,,,,,,,,consensus,,,,,,,
,,,,,,,,horror,,,,,,,
,,,,,,,,painter,,,,,,,
,,,,,,,,pie,,,,,,,
,,,,,,,,sake,,,,,,,
,,,,,,,,gaze,,,,,,,
,,,,,,,,courage,,,,,,,
,,,,,,,,pregnancy,,,,,,,
,,,,,,,,clue,,,,,,,
,,,,,,,,win,,,,,,,
,,,,,,,,confusion,,,,,,,
,,,,,,,,slice,,,,,,,
,,,,,,,,occupation,,,,,,,
,,,,,,,,coal,,,,,,,
,,,,,,,,criminal,,,,,,,
,,,,,,,,formula,,,,,,,
,,,,,,,,uncle,,,,,,,
,,,,,,,,square,,,,,,,
,,,,,,,,captain,,,,,,,
,,,,,,,,gallery,,,,,,,
,,,,,,,,soccer,,,,,,,
,,,,,,,,defendant,,,,,,,
,,,,,,,,tunnel,,,,,,,
,,,,,,,,fitness,,,,,,,
,,,,,,,,lap,,,,,,,
,,,,,,,,grave,,,,,,,
,,,,,,,,toe,,,,,,,
,,,,,,,,container,,,,,,,
,,,,,,,,virtue,,,,,,,
,,,,,,,,architect,,,,,,,
,,,,,,,,makeup,,,,,,,
,,,,,,,,inquiry,,,,,,,
,,,,,,,,indication,,,,,,,
,,,,,,,,rail,,,,,,,
,,,,,,,,anniversary,,,,,,,
,,,,,,,,couch,,,,,,,
,,,,,,,,alliance,,,,,,,
,,,,,,,,hypothesis,,,,,,,
,,,,,,,,boyfriend,,,,,,,
,,,,,,,,mess,,,,,,,
,,,,,,,,legend,,,,,,,
,,,,,,,,adolescent,,,,,,,
,,,,,,,,norm,,,,,,,
,,,,,,,,remark,,,,,,,
,,,,,,,,reward,,,,,,,
,,,,,,,,organ,,,,,,,
,,,,,,,,laughter,,,,,,,
,,,,,,,,northwest,,,,,,,
,,,,,,,,receiver,,,,,,,
,,,,,,,,ritual,,,,,,,
,,,,,,,,insect,,,,,,,
,,,,,,,,salmon,,,,,,,
,,,,,,,,favor,,,,,,,
,,,,,,,,trading,,,,,,,
,,,,,,,,combat,,,,,,,
,,,,,,,,stem,,,,,,,
,,,,,,,,surgeon,,,,,,,
,,,,,,,,rape,,,,,,,
,,,,,,,,counsel,,,,,,,
,,,,,,,,brush,,,,,,,
,,,,,,,,log,,,,,,,
,,,,,,,,pill,,,,,,,
,,,,,,,,sculpture,,,,,,,
,,,,,,,,compound,,,,,,,
,,,,,,,,flour,,,,,,,
,,,,,,,,slope,,,,,,,
,,,,,,,,presidency,,,,,,,
,,,,,,,,bishop,,,,,,,
,,,,,,,,drinking,,,,,,,
,,,,,,,,cry,,,,,,,
,,,,,,,,acceptance,,,,,,,
,,,,,,,,collapse,,,,,,,
,,,,,,,,pump,,,,,,,
,,,,,,,,candy,,,,,,,
,,,,,,,,evil,,,,,,,
,,,,,,,,final,,,,,,,
,,,,,,,,medal,,,,,,,
,,,,,,,,export,,,,,,,
,,,,,,,,midnight,,,,,,,
,,,,,,,,curve,,,,,,,
,,,,,,,,integrity,,,,,,,
,,,,,,,,logic,,,,,,,
,,,,,,,,essence,,,,,,,
,,,,,,,,closet,,,,,,,
,,,,,,,,interior,,,,,,,
,,,,,,,,corridor,,,,,,,
,,,,,,,,pitcher,,,,,,,
,,,,,,,,snake,,,,,,,
,,,,,,,,cross,,,,,,,
,,,,,,,,weakness,,,,,,,
,,,,,,,,pig,,,,,,,
,,,,,,,,cold,,,,,,,
,,,,,,,,unemployment,,,,,,,
,,,,,,,,civilization,,,,,,,
,,,,,,,,pop,,,,,,,
,,,,,,,,correlation,,,,,,,
,,,,,,,,humanity,,,,,,,
,,,,,,,,developer,,,,,,,
,,,,,,,,excitement,,,,,,,
,,,,,,,,beef,,,,,,,
,,,,,,,,stretch,,,,,,,
,,,,,,,,architecture,,,,,,,
,,,,,,,,elbow,,,,,,,
,,,,,,,,allegation,,,,,,,
,,,,,,,,airplane,,,,,,,
,,,,,,,,duck,,,,,,,
,,,,,,,,dose,,,,,,,
,,,,,,,,lecture,,,,,,,
,,,,,,,,van,,,,,,,
,,,,,,,,bay,,,,,,,
,,,,,,,,suburb,,,,,,,
,,,,,,,,sandwich,,,,,,,
,,,,,,,,trunk,,,,,,,
,,,,,,,,rumor,,,,,,,
,,,,,,,,implementation,,,,,,,
,,,,,,,,cloth,,,,,,,
,,,,,,,,effectiveness,,,,,,,
,,,,,,,,lens,,,,,,,
,,,,,,,,reach,,,,,,,
,,,,,,,,inspector,,,,,,,
,,,,,,,,fraud,,,,,,,
,,,,,,,,companion,,,,,,,
,,,,,,,,nail,,,,,,,
,,,,,,,,array,,,,,,,
,,,,,,,,rat,,,,,,,
,,,,,,,,hallway,,,,,,,
,,,,,,,,cave,,,,,,,
,,,,,,,,southwest,,,,,,,
,,,,,,,,monster,,,,,,,
,,,,,,,,obstacle,,,,,,,
,,,,,,,,encounter,,,,,,,
,,,,,,,,herb,,,,,,,
,,,,,,,,integration,,,,,,,
,,,,,,,,crystal,,,,,,,
,,,,,,,,recession,,,,,,,
,,,,,,,,wish,,,,,,,
,,,,,,,,motive,,,,,,,
,,,,,,,,flood,,,,,,,
,,,,,,,,pen,,,,,,,
,,,,,,,,ownership,,,,,,,
,,,,,,,,nightmare,,,,,,,
,,,,,,,,notice,,,,,,,
,,,,,,,,inspection,,,,,,,
,,,,,,,,supervisor,,,,,,,
,,,,,,,,arena,,,,,,,
,,,,,,,,laugh,,,,,,,
,,,,,,,,diagnosis,,,,,,,
,,,,,,,,possession,,,,,,,
,,,,,,,,basement,,,,,,,
,,,,,,,,prosecution,,,,,,,
,,,,,,,,announcement,,,,,,,
,,,,,,,,warrior,,,,,,,
,,,,,,,,prediction,,,,,,,
,,,,,,,,bacteria,,,,,,,
,,,,,,,,questionnaire,,,,,,,
,,,,,,,,mud,,,,,,,
,,,,,,,,infrastructure,,,,,,,
,,,,,,,,privilege,,,,,,,
,,,,,,,,temple,,,,,,,
,,,,,,,,broadcast,,,,,,,
,,,,,,,,wrist,,,,,,,
,,,,,,,,curtain,,,,,,,
,,,,,,,,monitor,,,,,,,
,,,,,,,,pond,,,,,,,
,,,,,,,,domain,,,,,,,
,,,,,,,,guilt,,,,,,,
,,,,,,,,cattle,,,,,,,
,,,,,,,,playoff,,,,,,,
,,,,,,,,skirt,,,,,,,
,,,,,,,,database,,,,,,,
,,,,,,,,aim,,,,,,,
,,,,,,,,limb,,,,,,,
,,,,,,,,ideology,,,,,,,
,,,,,,,,harm,,,,,,,
,,,,,,,,railroad,,,,,,,
,,,,,,,,radiation,,,,,,,
,,,,,,,,horn,,,,,,,
,,,,,,,,innovation,,,,,,,
,,,,,,,,strain,,,,,,,
,,,,,,,,guitar,,,,,,,
,,,,,,,,replacement,,,,,,,
,,,,,,,,dancer,,,,,,,
,,,,,,,,amendment,,,,,,,
,,,,,,,,pad,,,,,,,
,,,,,,,,transmission,,,,,,,
,,,,,,,,grace,,,,,,,
,,,,,,,,colony,,,,,,,
,,,,,,,,adoption,,,,,,,
,,,,,,,,slide,,,,,,,
,,,,,,,,civilian,,,,,,,
,,,,,,,,towel,,,,,,,
,,,,,,,,particle,,,,,,,
,,,,,,,,glance,,,,,,,
,,,,,,,,prize,,,,,,,
,,,,,,,,conduct,,,,,,,
,,,,,,,,blue,,,,,,,
,,,,,,,,bat,,,,,,,
,,,,,,,,alarm,,,,,,,
,,,,,,,,festival,,,,,,,
,,,,,,,,grip,,,,,,,
,,,,,,,,freshman,,,,,,,
,,,,,,,,sweat,,,,,,,
,,,,,,,,separation,,,,,,,
,,,,,,,,southeast,,,,,,,
,,,,,,,,ballot,,,,,,,
,,,,,,,,rhetoric,,,,,,,
,,,,,,,,vitamin,,,,,,,
,,,,,,,,enthusiasm,,,,,,,
,,,,,,,,wilderness,,,,,,,
,,,,,,,,mandate,,,,,,,
,,,,,,,,pause,,,,,,,
,,,,,,,,excuse,,,,,,,
,,,,,,,,uncertainty,,,,,,,
,,,,,,,,chaos,,,,,,,
,,,,,,,,canvas,,,,,,,
,,,,,,,,lobby,,,,,,,
,,,,,,,,format,,,,,,,
,,,,,,,,trait,,,,,,,
,,,,,,,,currency,,,,,,,
,,,,,,,,turkey,,,,,,,
,,,,,,,,reserve,,,,,,,
,,,,,,,,beam,,,,,,,
,,,,,,,,astronomer,,,,,,,
,,,,,,,,corruption,,,,,,,
,,,,,,,,contractor,,,,,,,
,,,,,,,,doctrine,,,,,,,
,,,,,,,,thumb,,,,,,,
,,,,,,,,unity,,,,,,,
,,,,,,,,compromise,,,,,,,
,,,,,,,,rush,,,,,,,
,,,,,,,,complexity,,,,,,,
,,,,,,,,fork,,,,,,,
,,,,,,,,disk,,,,,,,
,,,,,,,,suspicion,,,,,,,
,,,,,,,,lock,,,,,,,
,,,,,,,,finish,,,,,,,
,,,,,,,,residence,,,,,,,
,,,,,,,,shame,,,,,,,
,,,,,,,,sidewalk,,,,,,,
,,,,,,,,signature,,,,,,,
,,,,,,,,rebel,,,,,,,
,,,,,,,,spouse,,,,,,,
,,,,,,,,fluid,,,,,,,
,,,,,,,,pension,,,,,,,
,,,,,,,,sodium,,,,,,,
,,,,,,,,blow,,,,,,,
,,,,,,,,promotion,,,,,,,
,,,,,,,,forehead,,,,,,,
,,,,,,,,hook,,,,,,,
,,,,,,,,detective,,,,,,,
,,,,,,,,traveler,,,,,,,
,,,,,,,,compensation,,,,,,,
,,,,,,,,exit,,,,,,,
,,,,,,,,attraction,,,,,,,
,,,,,,,,pickup,,,,,,,
,,,,,,,,needle,,,,,,,
,,,,,,,,belly,,,,,,,
,,,,,,,,portfolio,,,,,,,
,,,,,,,,shuttle,,,,,,,
,,,,,,,,timing,,,,,,,
,,,,,,,,engagement,,,,,,,
,,,,,,,,ankle,,,,,,,
,,,,,,,,transaction,,,,,,,
,,,,,,,,counterpart,,,,,,,
,,,,,,,,rider,,,,,,,
,,,,,,,,doll,,,,,,,
,,,,,,,,noon,,,,,,,
,,,,,,,,exhibit,,,,,,,
,,,,,,,,carbohydrate,,,,,,,
,,,,,,,,liberty,,,,,,,
,,,,,,,,poster,,,,,,,
,,,,,,,,theology,,,,,,,
,,,,,,,,oxygen,,,,,,,
,,,,,,,,magic,,,,,,,
,,,,,,,,sum,,,,,,,
,,,,,,,,businessman,,,,,,,
,,,,,,,,determination,,,,,,,
,,,,,,,,donor,,,,,,,
,,,,,,,,pastor,,,,,,,
,,,,,,,,jazz,,,,,,,
,,,,,,,,opera,,,,,,,
,,,,,,,,bite,,,,,,,
,,,,,,,,acquisition,,,,,,,
,,,,,,,,pit,,,,,,,
,,,,,,,,hay,,,,,,,
,,,,,,,,giant,,,,,,,
,,,,,,,,primary,,,,,,,
,,,,,,,,equity,,,,,,,
,,,,,,,,doorway,,,,,,,
,,,,,,,,departure,,,,,,,
,,,,,,,,elevator,,,,,,,
,,,,,,,,guidance,,,,,,,
,,,,,,,,happiness,,,,,,,
,,,,,,,,statue,,,,,,,
,,,,,,,,pursuit,,,,,,,
,,,,,,,,repair,,,,,,,
,,,,,,,,gym,,,,,,,
,,,,,,,,clerk,,,,,,,
,,,,,,,,envelope,,,,,,,
,,,,,,,,reporting,,,,,,,
,,,,,,,,destination,,,,,,,
,,,,,,,,fist,,,,,,,
,,,,,,,,exploration,,,,,,,
,,,,,,,,bath,,,,,,,
,,,,,,,,rescue,,,,,,,
,,,,,,,,indicator,,,,,,,
,,,,,,,,sunlight,,,,,,,
,,,,,,,,feedback,,,,,,,
,,,,,,,,spectrum,,,,,,,
,,,,,,,,laser,,,,,,,
,,,,,,,,expertise,,,,,,,
,,,,,,,,tune,,,,,,,
,,,,,,,,hint,,,,,,,
,,,,,,,,parade,,,,,,,
,,,,,,,,realm,,,,,,,
,,,,,,,,ban,,,,,,,
,,,,,,,,therapist,,,,,,,
,,,,,,,,pizza,,,,,,,
,,,,,,,,recipient,,,,,,,
,,,,,,,,accounting,,,,,,,
,,,,,,,,bias,,,,,,,
,,,,,,,,metaphor,,,,,,,
,,,,,,,,candle,,,,,,,
,,,,,,,,handle,,,,,,,
,,,,,,,,worry,,,,,,,
,,,,,,,,entity,,,,,,,
,,,,,,,,feel,,,,,,,
,,,,,,,,lamp,,,,,,,
,,,,,,,,garbage,,,,,,,
,,,,,,,,servant,,,,,,,
,,,,,,,,addition,,,,,,,
,,,,,,,,inside,,,,,,,
,,,,,,,,reception,,,,,,,
,,,,,,,,chin,,,,,,,
,,,,,,,,necessity,,,,,,,
,,,,,,,,racism,,,,,,,
,,,,,,,,starter,,,,,,,
,,,,,,,,banking,,,,,,,
,,,,,,,,gravity,,,,,,,
,,,,,,,,prevention,,,,,,,
,,,,,,,,performer,,,,,,,
,,,,,,,,intent,,,,,,,
,,,,,,,,inventory,,,,,,,
,,,,,,,,assembly,,,,,,,
,,,,,,,,silk,,,,,,,
,,,,,,,,magnitude,,,,,,,
,,,,,,,,hostage,,,,,,,
,,,,,,,,collector,,,,,,,
,,,,,,,,popularity,,,,,,,
,,,,,,,,kiss,,,,,,,
,,,,,,,,alien,,,,,,,
,,,,,,,,equation,,,,,,,
,,,,,,,,angel,,,,,,,
,,,,,,,,switch,,,,,,,
,,,,,,,,offering,,,,,,,
,,,,,,,,rage,,,,,,,
,,,,,,,,photography,,,,,,,
,,,,,,,,toilet,,,,,,,
,,,,,,,,wake,,,,,,,
,,,,,,,,gathering,,,,,,,
,,,,,,,,automobile,,,,,,,
,,,,,,,,dawn,,,,,,,
,,,,,,,,tide,,,,,,,
,,,,,,,,romance,,,,,,,
,,,,,,,,hardware,,,,,,,
,,,,,,,,pillow,,,,,,,
,,,,,,,,kit,,,,,,,
,,,,,,,,cook,,,,,,,
,,,,,,,,spread,,,,,,,
,,,,,,,,continent,,,,,,,
,,,,,,,,circuit,,,,,,,
,,,,,,,,sink,,,,,,,
,,,,,,,,ruling,,,,,,,
,,,,,,,,shortage,,,,,,,
,,,,,,,,trap,,,,,,,
,,,,,,,,fool,,,,,,,
,,,,,,,,deadline,,,,,,,
,,,,,,,,processing,,,,,,,
,,,,,,,,ranch,,,,,,,
,,,,,,,,diamond,,,,,,,
,,,,,,,,credibility,,,,,,,
,,,,,,,,import,,,,,,,
,,,,,,,,sentiment,,,,,,,
,,,,,,,,cart,,,,,,,
,,,,,,,,elder,,,,,,,
,,,,,,,,pro,,,,,,,
,,,,,,,,inspiration,,,,,,,
,,,,,,,,quantity,,,,,,,
,,,,,,,,trailer,,,,,,,
,,,,,,,,mate,,,,,,,
,,,,,,,,genius,,,,,,,
,,,,,,,,monument,,,,,,,
,,,,,,,,bid,,,,,,,
,,,,,,,,quest,,,,,,,
,,,,,,,,sacrifice,,,,,,,
,,,,,,,,invitation,,,,,,,
,,,,,,,,accuracy,,,,,,,
,,,,,,,,juror,,,,,,,
,,,,,,,,broker,,,,,,,
,,,,,,,,treasure,,,,,,,
,,,,,,,,loyalty,,,,,,,
,,,,,,,,gasoline,,,,,,,
,,,,,,,,output,,,,,,,
,,,,,,,,nominee,,,,,,,
,,,,,,,,diabetes,,,,,,,
,,,,,,,,jaw,,,,,,,
,,,,,,,,grief,,,,,,,
,,,,,,,,rocket,,,,,,,
,,,,,,,,inmate,,,,,,,
,,,,,,,,bow,,,,,,,
,,,,,,,,senior,,,,,,,
,,,,,,,,dignity,,,,,,,
,,,,,,,,carpet,,,,,,,
,,,,,,,,bubble,,,,,,,
,,,,,,,,buddy,,,,,,,
,,,,,,,,barn,,,,,,,
,,,,,,,,sword,,,,,,,
,,,,,,,,flash,,,,,,,
,,,,,,,,glory,,,,,,,
,,,,,,,,drum,,,,,,,
,,,,,,,,queen,,,,,,,
,,,,,,,,dilemma,,,,,,,
,,,,,,,,input,,,,,,,
,,,,,,,,northeast,,,,,,,
,,,,,,,,liability,,,,,,,
,,,,,,,,merchant,,,,,,,
,,,,,,,,stadium,,,,,,,
,,,,,,,,defeat,,,,,,,
,,,,,,,,withdrawal,,,,,,,
,,,,,,,,refrigerator,,,,,,,
,,,,,,,,nest,,,,,,,
,,,,,,,,lane,,,,,,,
,,,,,,,,ancestor,,,,,,,
,,,,,,,,steam,,,,,,,
,,,,,,,,accent,,,,,,,
,,,,,,,,escape,,,,,,,
,,,,,,,,cage,,,,,,,
,,,,,,,,shrimp,,,,,,,
,,,,,,,,homeland,,,,,,,
,,,,,,,,rack,,,,,,,
,,,,,,,,costume,,,,,,,
,,,,,,,,wolf,,,,,,,
,,,,,,,,courtroom,,,,,,,
,,,,,,,,statute,,,,,,,
,,,,,,,,cartoon,,,,,,,
,,,,,,,,productivity,,,,,,,
,,,,,,,,seal,,,,,,,
,,,,,,,,bug,,,,,,,
,,,,,,,,aunt,,,,,,,
,,,,,,,,agriculture,,,,,,,
,,,,,,,,bankruptcy,,,,,,,
,,,,,,,,vaccine,,,,,,,
,,,,,,,,bonus,,,,,,,
,,,,,,,,collaboration,,,,,,,
,,,,,,,,orbit,,,,,,,
,,,,,,,,patience,,,,,,,
,,,,,,,,voting,,,,,,,
,,,,,,,,patrol,,,,,,,
,,,,,,,,willingness,,,,,,,
,,,,,,,,revelation,,,,,,,
,,,,,,,,rent,,,,,,,
,,,,,,,,jewelry,,,,,,,
,,,,,,,,trace,,,,,,,
,,,,,,,,wagon,,,,,,,
,,,,,,,,reliability,,,,,,,
,,,,,,,,ass,,,,,,,
,,,,,,,,bush,,,,,,,
,,,,,,,,clip,,,,,,,
,,,,,,,,thigh,,,,,,,
,,,,,,,,bull,,,,,,,
,,,,,,,,drawer,,,,,,,
,,,,,,,,sheep,,,,,,,
,,,,,,,,coordinator,,,,,,,
,,,,,,,,runner,,,,,,,
,,,,,,,,empire,,,,,,,
,,,,,,,,cab,,,,,,,
,,,,,,,,exam,,,,,,,
,,,,,,,,documentary,,,,,,,
,,,,,,,,biology,,,,,,,
,,,,,,,,web,,,,,,,
,,,,,,,,conspiracy,,,,,,,
,,,,,,,,catch,,,,,,,
,,,,,,,,casualty,,,,,,,
,,,,,,,,republic,,,,,,,
,,,,,,,,execution,,,,,,,
,,,,,,,,whale,,,,,,,
,,,,,,,,instinct,,,,,,,
,,,,,,,,teammate,,,,,,,
,,,,,,,,aluminum,,,,,,,
,,,,,,,,ministry,,,,,,,
,,,,,,,,verdict,,,,,,,
,,,,,,,,skull,,,,,,,
,,,,,,,,self-esteem,,,,,,,
,,,,,,,,ease,,,,,,,
,,,,,,,,bee,,,,,,,
,,,,,,,,practitioner,,,,,,,
,,,,,,,,loop,,,,,,,
,,,,,,,,puzzle,,,,,,,
,,,,,,,,mushroom,,,,,,,
,,,,,,,,subsidy,,,,,,,
,,,,,,,,mathematics,,,,,,,
,,,,,,,,mechanic,,,,,,,
,,,,,,,,jar,,,,,,,
,,,,,,,,earthquake,,,,,,,
,,,,,,,,pork,,,,,,,
,,,,,,,,creativity,,,,,,,
,,,,,,,,dessert,,,,,,,
,,,,,,,,sympathy,,,,,,,
,,,,,,,,fisherman,,,,,,,
,,,,,,,,isolation,,,,,,,
,,,,,,,,sock,,,,,,,
,,,,,,,,jump,,,,,,,
,,,,,,,,entrepreneur,,,,,,,
,,,,,,,,syndrome,,,,,,,
,,,,,,,,bureau,,,,,,,
,,,,,,,,workplace,,,,,,,
,,,,,,,,ambition,,,,,,,
,,,,,,,,touchdown,,,,,,,
,,,,,,,,breeze,,,,,,,
,,,,,,,,translation,,,,,,,
,,,,,,,,gut,,,,,,,
,,,,,,,,booth,,,,,,,
,,,,,,,,helmet,,,,,,,
,,,,,,,,waist,,,,,,,
,,,,,,,,lion,,,,,,,
,,,,,,,,accomplishment,,,,,,,
,,,,,,,,panic,,,,,,,
,,,,,,,,cast,,,,,,,
,,,,,,,,cliff,,,,,,,
,,,,,,,,cord,,,,,,,
,,,,,,,,cocaine,,,,,,,
,,,,,,,,illusion,,,,,,,
,,,,,,,,appreciation,,,,,,,
,,,,,,,,commissioner,,,,,,,
,,,,,,,,flexibility,,,,,,,
,,,,,,,,casino,,,,,,,
,,,,,,,,tumor,,,,,,,
,,,,,,,,pulse,,,,,,,
,,,,,,,,equivalent,,,,,,,
,,,,,,,,donation,,,,,,,
,,,,,,,,diary,,,,,,,
,,,,,,,,sibling,,,,,,,
,,,,,,,,irony,,,,,,,
,,,,,,,,spoon,,,,,,,
,,,,,,,,midst,,,,,,,
,,,,,,,,alley,,,,,,,
,,,,,,,,soap,,,,,,,
,,,,,,,,rival,,,,,,,
,,,,,,,,pin,,,,,,,
,,,,,,,,hockey,,,,,,,
,,,,,,,,supplier,,,,,,,
,,,,,,,,momentum,,,,,,,
,,,,,,,,purse,,,,,,,
,,,,,,,,liquid,,,,,,,
,,,,,,,,icon,,,,,,,
,,,,,,,,elephant,,,,,,,
,,,,,,,,legislature,,,,,,,
,,,,,,,,associate,,,,,,,
,,,,,,,,franchise,,,,,,,
,,,,,,,,bicycle,,,,,,,
,,,,,,,,fever,,,,,,,
,,,,,,,,filter,,,,,,,
,,,,,,,,rabbit,,,,,,,
,,,,,,,,coin,,,,,,,
,,,,,,,,organism,,,,,,,
,,,,,,,,sensation,,,,,,,
,,,,,,,,stay,,,,,,,
,,,,,,,,minimum,,,,,,,
,,,,,,,,conservation,,,,,,,
,,,,,,,,backyard,,,,,,,
,,,,,,,,charter,,,,,,,
,,,,,,,,stove,,,,,,,
,,,,,,,,consent,,,,,,,
,,,,,,,,reminder,,,,,,,
,,,,,,,,placement,,,,,,,
,,,,,,,,dough,,,,,,,
,,,,,,,,grandchild,,,,,,,
,,,,,,,,dam,,,,,,,
,,,,,,,,outfit,,,,,,,
,,,,,,,,columnist,,,,,,,
,,,,,,,,workout,,,,,,,
,,,,,,,,patent,,,,,,,
,,,,,,,,quote,,,,,,,
,,,,,,,,trash,,,,,,,
,,,,,,,,hormone,,,,,,,
,,,,,,,,texture,,,,,,,
,,,,,,,,pencil,,,,,,,
,,,,,,,,frontier,,,,,,,
,,,,,,,,spray,,,,,,,
,,,,,,,,bet,,,,,,,
,,,,,,,,custody,,,,,,,
,,,,,,,,banker,,,,,,,
,,,,,,,,beast,,,,,,,
,,,,,,,,oak,,,,,,,
,,,,,,,,notebook,,,,,,,
,,,,,,,,attendance,,,,,,,
,,,,,,,,speculation,,,,,,,
,,,,,,,,shark,,,,,,,
,,,,,,,,mill,,,,,,,
,,,,,,,,installation,,,,,,,
,,,,,,,,tag,,,,,,,
,,,,,,,,fleet,,,,,,,
,,,,,,,,catalog,,,,,,,
,,,,,,,,outsider,,,,,,,
,,,,,,,,stance,,,,,,,
,,,,,,,,sensitivity,,,,,,,
,,,,,,,,debut,,,,,,,
,,,,,,,,confrontation,,,,,,,
,,,,,,,,ideal,,,,,,,
,,,,,,,,constitution,,,,,,,
,,,,,,,,trainer,,,,,,,
,,,,,,,,scent,,,,,,,
,,,,,,,,stack,,,,,,,
,,,,,,,,eyebrow,,,,,,,
,,,,,,,,sack,,,,,,,
,,,,,,,,tray,,,,,,,
,,,,,,,,pioneer,,,,,,,
,,,,,,,,textbook,,,,,,,
,,,,,,,,dot,,,,,,,
,,,,,,,,wheat,,,,,,,
,,,,,,,,kingdom,,,,,,,
,,,,,,,,aisle,,,,,,,
,,,,,,,,protocol,,,,,,,
,,,,,,,,marketplace,,,,,,,
,,,,,,,,terrain,,,,,,,
,,,,,,,,pasta,,,,,,,
,,,,,,,,genre,,,,,,,
,,,,,,,,merit,,,,,,,
,,,,,,,,planner,,,,,,,
,,,,,,,,chunk,,,,,,,
,,,,,,,,discount,,,,,,,
,,,,,,,,ladder,,,,,,,
,,,,,,,,jungle,,,,,,,
,,,,,,,,migration,,,,,,,
,,,,,,,,breathing,,,,,,,
,,,,,,,,hurricane,,,,,,,
,,,,,,,,retailer,,,,,,,
,,,,,,,,coup,,,,,,,
,,,,,,,,ambassador,,,,,,,
,,,,,,,,density,,,,,,,
,,,,,,,,curiosity,,,,,,,
,,,,,,,,aggression,,,,,,,
,,,,,,,,stimulus,,,,,,,
,,,,,,,,journalism,,,,,,,
,,,,,,,,robot,,,,,,,
,,,,,,,,feather,,,,,,,
,,,,,,,,sphere,,,,,,,
,,,,,,,,publicity,,,,,,,
,,,,,,,,major,,,,,,,
,,,,,,,,well-being,,,,,,,
,,,,,,,,validity,,,,,,,
,,,,,,,,ecosystem,,,,,,,
,,,,,,,,collar,,,,,,,
,,,,,,,,weed,,,,,,,
,,,,,,,,compliance,,,,,,,
,,,,,,,,streak,,,,,,,
,,,,,,,,builder,,,,,,,
,,,,,,,,glimpse,,,,,,,
,,,,,,,,premise,,,,,,,
,,,,,,,,specialty,,,,,,,
,,,,,,,,artifact,,,,,,,
,,,,,,,,monkey,,,,,,,
,,,,,,,,mentor,,,,,,,
,,,,,,,,listener,,,,,,,
,,,,,,,,lightning,,,,,,,
,,,,,,,,sleeve,,,,,,,
,,,,,,,,disappointment,,,,,,,
,,,,,,,,rib,,,,,,,
,,,,,,,,debris,,,,,,,
,,,,,,,,rod,,,,,,,
,,,,,,,,liberal,,,,,,,
,,,,,,,,ash,,,,,,,
,,,,,,,,parish,,,,,,,
,,,,,,,,slavery,,,,,,,
,,,,,,,,commodity,,,,,,,
,,,,,,,,cure,,,,,,,
,,,,,,,,mineral,,,,,,,
,,,,,,,,hunger,,,,,,,
,,,,,,,,equality,,,,,,,
,,,,,,,,cemetery,,,,,,,
,,,,,,,,harassment,,,,,,,
,,,,,,,,fame,,,,,,,
,,,,,,,,likelihood,,,,,,,
,,,,,,,,carrot,,,,,,,
,,,,,,,,toll,,,,,,,
,,,,,,,,rim,,,,,,,
,,,,,,,,wheelchair,,,,,,,
,,,,,,,,squad,,,,,,,
,,,,,,,,processor,,,,,,,
,,,,,,,,sponsor,,,,,,,
,,,,,,,,grin,,,,,,,
,,,,,,,,chill,,,,,,,
,,,,,,,,refuge,,,,,,,
,,,,,,,,legislator,,,,,,,
,,,,,,,,rally,,,,,,,
,,,,,,,,outlet,,,,,,,
,,,,,,,,vendor,,,,,,,
,,,,,,,,peanut,,,,,,,
,,,,,,,,intellectual,,,,,,,
,,,,,,,,conception,,,,,,,
,,,,,,,,auction,,,,,,,
,,,,,,,,steak,,,,,,,
,,,,,,,,triumph,,,,,,,
,,,,,,,,shareholder,,,,,,,
,,,,,,,,conscience,,,,,,,
,,,,,,,,calculation,,,,,,,
,,,,,,,,interval,,,,,,,
,,,,,,,,jurisdiction,,,,,,,
,,,,,,,,constraint,,,,,,,
,,,,,,,,expedition,,,,,,,
,,,,,,,,similarity,,,,,,,
,,,,,,,,butt,,,,,,,
,,,,,,,,lid,,,,,,,
,,,,,,,,bulk,,,,,,,
,,,,,,,,mortality,,,,,,,
,,,,,,,,conversion,,,,,,,
,,,,,,,,patron,,,,,,,
,,,,,,,,liver,,,,,,,
,,,,,,,,harmony,,,,,,,
,,,,,,,,tolerance,,,,,,,
,,,,,,,,instant,,,,,,,
,,,,,,,,goat,,,,,,,
,,,,,,,,blessing,,,,,,,
,,,,,,,,banana,,,,,,,
,,,,,,,,palace,,,,,,,
,,,,,,,,peasant,,,,,,,
,,,,,,,,grandparent,,,,,,,
,,,,,,,,lawmaker,,,,,,,
,,,,,,,,supermarket,,,,,,,
,,,,,,,,cruise,,,,,,,
,,,,,,,,plain,,,,,,,
,,,,,,,,calendar,,,,,,,
,,,,,,,,widow,,,,,,,
,,,,,,,,deposit,,,,,,,
,,,,,,,,beard,,,,,,,
,,,,,,,,brake,,,,,,,
,,,,,,,,impulse,,,,,,,
,,,,,,,,fur,,,,,,,
,,,,,,,,predator,,,,,,,
,,,,,,,,forum,,,,,,,
,,,,,,,,removal,,,,,,,
,,,,,,,,autonomy,,,,,,,
,,,,,,,,thread,,,,,,,
,,,,,,,,landmark,,,,,,,
,,,,,,,,offender,,,,,,,
,,,,,,,,fraction,,,,,,,
,,,,,,,,tourism,,,,,,,
,,,,,,,,threshold,,,,,,,
,,,,,,,,suite,,,,,,,
,,,,,,,,regulator,,,,,,,
,,,,,,,,straw,,,,,,,
,,,,,,,,globe,,,,,,,
,,,,,,,,objection,,,,,,,
,,,,,,,,chemistry,,,,,,,
,,,,,,,,blast,,,,,,,
,,,,,,,,denial,,,,,,,
,,,,,,,,rental,,,,,,,
,,,,,,,,fragment,,,,,,,
,,,,,,,,warmth,,,,,,,
,,,,,,,,undergraduate,,,,,,,
,,,,,,,,headache,,,,,,,
,,,,,,,,policeman,,,,,,,
,,,,,,,,yield,,,,,,,
,,,,,,,,projection,,,,,,,
,,,,,,,,mention,,,,,,,
,,,,,,,,graduation,,,,,,,
,,,,,,,,mansion,,,,,,,
,,,,,,,,regard,,,,,,,
,,,,,,,,grape,,,,,,,
,,,,,,,,cottage,,,,,,,
,,,,,,,,driveway,,,,,,,
,,,,,,,,charm,,,,,,,
,,,,,,,,sexuality,,,,,,,
,,,,,,,,clay,,,,,,,
,,,,,,,,balloon,,,,,,,
,,,,,,,,invention,,,,,,,
,,,,,,,,ego,,,,,,,
,,,,,,,,fare,,,,,,,
,,,,,,,,homework,,,,,,,
,,,,,,,,disc,,,,,,,
,,,,,,,,sofa,,,,,,,
,,,,,,,,guarantee,,,,,,,
,,,,,,,,availability,,,,,,,
,,,,,,,,radar,,,,,,,
,,,,,,,,leave,,,,,,,
,,,,,,,,permit,,,,,,,
,,,,,,,,sweater,,,,,,,
,,,,,,,,rehabilitation,,,,,,,
,,,,,,,,retreat,,,,,,,
,,,,,,,,molecule,,,,,,,
,,,,,,,,youngster,,,,,,,
,,,,,,,,premium,,,,,,,
,,,,,,,,accountability,,,,,,,
,,,,,,,,fatigue,,,,,,,
,,,,,,,,marker,,,,,,,
,,,,,,,,bucket,,,,,,,
,,,,,,,,confession,,,,,,,
,,,,,,,,marble,,,,,,,
,,,,,,,,twist,,,,,,,
,,,,,,,,defender,,,,,,,
,,,,,,,,transport,,,,,,,
,,,,,,,,surveillance,,,,,,,
,,,,,,,,technician,,,,,,,
,,,,,,,,arrow,,,,,,,
,,,,,,,,trauma,,,,,,,
,,,,,,,,ribbon,,,,,,,
,,,,,,,,meantime,,,,,,,
,,,,,,,,harvest,,,,,,,
,,,,,,,,spy,,,,,,,
,,,,,,,,slot,,,,,,,
,,,,,,,,riot,,,,,,,
,,,,,,,,nutrient,,,,,,,
,,,,,,,,citizenship,,,,,,,
,,,,,,,,sovereignty,,,,,,,
,,,,,,,,ridge,,,,,,,
,,,,,,,,contributor,,,,,,,
,,,,,,,,transit,,,,,,,
,,,,,,,,seminar,,,,,,,
,,,,,,,,electronics,,,,,,,
,,,,,,,,accusation,,,,,,,
,,,,,,,,cue,,,,,,,
,,,,,,,,bride,,,,,,,
,,,,,,,,biography,,,,,,,
,,,,,,,,hazard,,,,,,,
,,,,,,,,tile,,,,,,,
,,,,,,,,foreigner,,,,,,,
,,,,,,,,launch,,,,,,,
,,,,,,,,convenience,,,,,,,
,,,,,,,,delight,,,,,,,
,,,,,,,,timber,,,,,,,
,,,,,,,,plea,,,,,,,
,,,,,,,,bulb,,,,,,,
,,,,,,,,devil,,,,,,,
,,,,,,,,bolt,,,,,,,
,,,,,,,,cargo,,,,,,,
,,,,,,,,spine,,,,,,,
,,,,,,,,seller,,,,,,,
,,,,,,,,dock,,,,,,,
,,,,,,,,fog,,,,,,,
,,,,,,,,diplomat,,,,,,,
,,,,,,,,summary,,,,,,,
,,,,,,,,missionary,,,,,,,
,,,,,,,,epidemic,,,,,,,
,,,,,,,,warehouse,,,,,,,
,,,,,,,,butterfly,,,,,,,
,,,,,,,,bronze,,,,,,,
,,,,,,,,praise,,,,,,,
,,,,,,,,vacuum,,,,,,,
,,,,,,,,stereotype,,,,,,,
,,,,,,,,sensor,,,,,,,
,,,,,,,,laundry,,,,,,,
,,,,,,,,manual,,,,,,,
,,,,,,,,pistol,,,,,,,
,,,,,,,,plaintiff,,,,,,,
,,,,,,,,apology,,,,,,,
